UID,Session,Sample,d45,d46,d47,d48,d49
4514,Session0,ETH-3,5.443603333,12.41463,17.655535,24.94642167,41.07819833
4515,Session0,ETH-4,-6.333291667,-4.913648333,-11.707225,-9.640453333,2.006013333
4516,Session0,SANSA,5.183065,11.41757833,16.23311333,22.83875833,29.24962
4517,Session0,RODOLO,0.50358,17.88853,17.90041333,35.98954333,42.37096667
4518,Session0,PD5-31_3A,6.408393333,10.48821333,16.72660667,21.32209,61.348635
4519,Session0,PD5-78_0C,0.678138333,25.67983333,25.75618167,52.10922833,78.711055
4520,Session0,ETH-2,-6.287191667,-4.858273333,-11.83056,-9.648218333,5.901771667
4521,Session0,ETH-3,5.415993333,12.33330833,17.51510333,24.70671167,42.39541167
4522,Session0,F7304A,-0.262431667,21.55089833,20.61949833,43.60253667,68.35214833
4523,Session0,PD5-76_9a-A,0.683118333,22.48379,22.591175,45.53203333,68.1804
4524,Session0,ETH-1,5.70258,11.85135667,16.95707333,23.731885,53.98180333
4525,Session0,ETH-4,-6.35111,-4.974435,-11.780285,-9.810588333,13.27714167
4526,Session0,MERCK,-36.08415667,-1.813328333,-39.21651,-3.530315,-11.50593833
4527,Session0,PD5-DS2-B,8.77703,15.29924833,23.92428833,30.76875667,54.83502833
4528,Session0,LJ2010-5B-A,10.209045,-23.96678,-13.47221833,-47.06879167,-20.24155667
4529,Session0,ETH-2,-6.285336667,-4.854751667,-11.82135333,-9.694161667,11.91628833
4530,Session0,ETH-3,5.41737,12.32351,17.56109333,24.81912167,54.58226
4531,Session0,NBS-19,5.640841667,11.9626,17.05768667,23.887335,32.87982167
4532,Session0,PD5-78_0D,-0.381891667,18.925305,17.92458833,38.32292167,56.28532167
4533,Session0,F7304A,-0.274323333,21.50990667,20.59082833,43.46634,62.68024167
4534,Session0,LJ2010-5B-A,10.21917333,-23.97893167,-13.45998,-46.95432333,-12.15814833
4535,Session0,ETH-1,5.71583,11.95676333,17.22959333,24.13043333,104.5125
4536,Session0,ETH-4,-6.353508333,-4.89669,-11.725455,-9.755206667,-0.313901667
4537,Session0,NBS-18,-1.654913333,-9.378723333,-11.43530833,-18.581845,-12.64921167
4538,Session0,PD5-78_0C,0.676871667,25.67472167,25.66481833,52.100945,61.84758
4539,Session0,PD5-DS2-B,8.796196667,15.33279667,23.93057,30.71463333,42.44010167
4540,Session0,F7318A,-0.217376667,21.305495,20.37019,43.05007833,45.69629
4541,Session0,ETH-2,-6.27769,-4.786038333,-11.82095,-9.614323333,-14.23720167
4542,Session0,ETH-3,5.432483333,12.42314,17.52309,24.81711,14.91122
4543,Session0,IAEA-C1,6.07281,11.72817833,17.25866,23.41845833,20.583665
4544,Session0,PD5-31_3A,6.410966667,10.56021333,16.60548333,21.15924333,24.41330167
4545,Session0,PD5-78_0D,-0.407336667,18.91454333,17.563405,38.001765,-0.809371667
4546,Session0,SBR-10_0A,5.388786667,12.42069333,17.44173167,24.70251167,11.292
4547,Session0,ETH-1,5.695858333,11.87174333,16.95754167,23.80361333,36.51956167
4548,Session0,ETH-4,-6.333813333,-4.840173333,-11.713535,-9.567131667,-12.442055
4549,Session0,IAEA-C2,-4.114611667,5.092688333,0.47495,10.24654667,7.243335
4550,Session0,PD5-38_0B,4.415636667,13.33706,17.36046167,26.79490167,40.085375
4551,Session0,F7318A,-0.217873333,21.29723167,20.404155,43.12858667,42.45634167
4555,Session1,ETH-3,5.457726667,12.30612333,17.49299,24.62650167,25.47694
4556,Session1,ETH-1,5.71344,11.87289833,16.95230333,23.67641333,30.75463667
4557,Session1,ETH-4,-6.360668333,-5.005485,-11.92519667,-9.935963333,-25.47832667
4558,Session1,ETH-3,5.42549,12.40443167,17.55273167,24.83678,20.54106
4559,Session1,ETH-2,-6.308233333,-4.89426,-11.998825,-9.92779,-21.45687
4560,Session1,ETH-1,5.716265,11.89756833,16.92138667,23.69947667,18.90495167
4561,Session1,ETH-4,-6.32901,-4.909225,-11.77565,-9.763693333,-8.685935
4562,Session1,NBS-19,5.644125,11.98471,17.01957667,23.784285,13.08457833
4563,Session1,LJ2010-5B-A,10.200485,-24.02243833,-13.53866167,-47.14406667,-10.665355
4564,Session1,ETH-2,-6.304883333,-4.942525,-12.05503333,-9.76646,-7.922096667
4565,Session1,ETH-3,5.394303333,12.31213333,17.50293667,24.792145,41.64138
4566,Session1,SBR-50_5A,7.016301667,6.047363333,12.705545,12.02842667,-8.291798333
4567,Session1,PD5-38_0A,4.410315,14.06189333,17.99123,28.23902833,21.56928
4568,Session1,ETH-1,5.66972,11.80623,16.67188667,23.42853167,2.785536667
4569,Session1,ETH-4,-6.351826667,-4.971443333,-11.888345,-9.848671667,-19.820675
4570,Session1,ETH-3,5.420865,12.39231,17.70943667,24.95970667,70.97971833
4573,Session3,ETH-3,5.447026667,12.39323,17.662745,24.93270667,53.39187833
4574,Session3,ETH-4,-6.344223333,-4.953801667,-11.772725,-9.8308,3.830673333
4575,Session3,SBR-50_5A,7.020248333,6.094625,12.81077333,12.23059833,9.029231667
4576,Session3,F7309A,-0.208785,19.19632333,18.19335833,38.71524833,13.127875
4577,Session3,ETH-2,-6.249755,-4.788321667,-11.77868167,-9.536503333,-15.637235
4578,Session3,ETH-3,5.433918333,12.34730167,17.58047333,24.83163,47.72737
4579,Session3,SANSA,5.217986667,11.50488167,16.25630333,22.98423833,13.605345
4580,Session3,SBR-51_0A,7.314685,7.335725,14.32856167,14.66965,19.48020833
4581,Session3,PD3 52_5 BOTTOM,10.07914667,11.840435,21.72286167,23.68439,20.123515
4582,Session3,LJ2010-5B-A,10.24160167,-23.91363833,-13.41084333,-47.03047,-23.21766667
4583,Session3,ETH-1,5.760488333,11.94472333,17.04011167,23.78035167,32.04228
4584,Session3,ETH-4,-6.295318333,-4.84834,-11.65100833,-9.70003,-9.097345
4585,Session3,RODOLO,0.497578333,18.06073833,17.983495,36.458345,36.34350667
4586,Session3,PD3 88A TOP,8.86752,7.871341667,16.56931167,16.00010333,50.00694
4587,Session3,PD3 52_5 TOP,10.18188167,13.18116167,23.15472333,26.412475,39.293815
4588,Session3,ETH-2,-6.264526667,-4.824395,-11.86977667,-9.64428,-11.89045833
4589,Session3,ETH-3,5.477288333,12.49605333,17.65935167,24.99183833,16.317195
4590,Session3,NBS-19,5.69441,12.098075,17.274385,24.19171667,43.94764833
4591,Session3,SBR-50_5A,7.071785,6.162616667,12.869095,12.18584333,15.17632667
4592,Session3,SBR-C-B,5.365091667,2.538926667,7.57488,5.026433333,6.41793
4593,Session3,ETH-1,5.760596667,12.02927833,17.114665,24.01823833,22.09715333
4594,Session3,ETH-4,-6.300118333,-4.738916667,-11.61137167,-9.390495,-19.33600333
4595,Session3,NBS-18,-1.595896667,-9.209716667,-11.20601667,-18.31737667,-19.90081
4596,Session3,F7318A,-0.175851667,21.50721,20.60261,43.66029333,44.22559833
4597,Session3,PD3 52_5 BOTTOM,10.085745,12.199675,22.08245,24.44843,27.91723
4598,Session3,SBR-51-A,7.366221667,7.501375,14.55146167,14.949945,19.44172167
4599,Session3,ETH-2,-6.251161667,-4.719618333,-11.70557667,-9.379855,-1.433135
4600,Session3,ETH-3,5.472115,12.50175333,17.71614167,25.10925,35.881445
4601,Session3,IAEA-C2,-4.08756,5.172541667,0.61937,10.36452667,11.46840833
4602,Session3,PD3 52_5 TOP,10.12908333,12.653085,22.56597333,25.35399667,28.11833833
4603,Session3,SBR-C-B,5.32422,2.370081667,7.404648333,4.834658333,16.81935667
4604,Session3,PD3 88A BOTTOM,9.22398,13.34429333,22.39926167,26.77407333,55.88426833
4605,Session3,ETH-1,5.737646667,11.95726333,16.98902667,23.87918333,12.83705
4606,Session3,ETH-4,-6.296131667,-4.752983333,-11.59544333,-9.318983333,-11.04412333
4607,Session3,MERCK,-36.03862333,-1.672845,-39.20718,-3.377553333,-54.08413667
4608,Session3,PD3 52_5 BOTTOM,10.06536833,11.94358333,21.77757333,23.88934833,8.712995
4609,Session3,PD3 88A TOP,8.891218333,8.008545,16.469975,15.87171,-4.900161667
4610,Session3,SBR-51-A,7.351578333,7.454126667,14.50504,14.87463,21.72315167
4611,Session3,ETH-2,-6.247953333,-4.72708,-11.819635,-9.621345,-22.812375
4612,Session3,ETH-3,5.474966667,12.48297167,17.64233333,25.122905,17.90534167
4613,Session3,IAEA-C1,6.160655,11.89344667,17.30183333,23.50045667,3.387628333
4614,Session3,LJ2010-5B-A,10.19425667,-23.69504667,-13.30690667,-46.61789333,-42.82732333
4615,Session3,PD3 88A BOTTOM,9.234903333,13.36066,22.22154833,26.70621833,11.45758333
4616,Session3,ETH-1,5.769541667,11.99186,16.84216833,23.80065167,-42.99403667
4617,Session3,ETH-4,-6.281306667,-4.783628333,-11.82594667,-9.792866667,-50.39623667
4619,Session4,ETH-3,5.434416667,12.375535,17.49503833,24.81256333,18.69659833
4620,Session4,ETH-1,5.725418333,11.979345,17.07946667,23.97697833,26.63514167
4621,Session4,ETH-2,-6.290588333,-4.84304,-11.951085,-9.753078333,-16.94556667
4622,Session4,ETH-3,5.428783333,12.41221333,17.32714833,24.72157167,-1.252993333
4623,Session4,PD5-78-C,0.691151667,25.71353667,25.58959667,52.10922,31.84945333
4624,Session4,F6975A,2.12144,19.06498333,20.64329333,38.43651833,50.90231333
4625,Session4,PD3-57_8,9.63636,12.567915,21.95561167,25.12072833,28.49099
4626,Session4,ETH-2,-6.267203333,-4.806705,-11.80929333,-9.60516,5.002381667
4627,Session4,ETH-3,5.42847,12.38319833,17.56296833,24.79194167,34.44995833
4628,Session4,RODOLO,0.513316667,17.95756,17.92244333,36.15186,49.21213
4629,Session4,SBR-10_0A,10.05915,15.41794333,25.33251167,31.01354667,39.16077833
4630,Session4,PD3-52_5 BOTTOM,9.99763,11.85989167,21.66543833,23.72939,26.61791667
4631,Session4,ETH-1,5.725576667,11.88495833,16.92776667,23.70380333,10.76915833
4632,Session4,ETH-4,-6.319751667,-4.875151667,-11.736355,-9.663106667,-17.30825667
4633,Session4,MERCK,-36.071,-1.783175,-39.31655167,-3.580198333,-49.74654833
4634,Session4,PD5-31_3-A,6.378693333,10.492105,16.54102667,21.27621167,45.31785333
4635,Session4,PD3-88A BOTTOM,9.182865,13.185775,22.14922667,26.56202167,38.28595
4636,Session4,ETH-2,-6.261995,-4.799506667,-11.86385167,-9.60113,-18.23547167
4637,Session4,ETH-3,5.458925,12.438405,17.570815,24.89011167,14.99126667
4638,Session4,SANSA,5.19723,11.46382,16.27251333,22.993315,22.98027167
4639,Session4,SBR-M-A,7.527748333,11.05700667,18.32301833,22.28857167,29.10660667
4640,Session4,PD5-38-A,4.419633333,14.10577167,18.05242333,28.31066167,20.1467
4641,Session4,PD3-52_5 TOP,10.125165,12.61966667,22.50660833,25.18221167,21.68181
4642,Session4,ETH-1,5.737891667,11.97396833,16.97847833,23.81844833,3.251318333
4643,Session4,ETH-4,-6.321536667,-4.837163333,-11.68234,-9.537151667,-10.20615333
4644,Session4,IAEA-C2,-4.115306667,5.114558333,0.414935,10.02226333,-13.68409167
4645,Session4,PD3-57_8,9.658885,12.77726667,22.24241333,25.61680333,34.53867333
4646,Session4,SBR-14_5A,7.020398333,11.024135,17.75085667,22.08437833,24.48081833
4647,Session4,PD3-44_56,5.489473333,4.288951667,9.912016667,10.10245,268.6513583
4648,Session4,ETH-2,-6.275216667,-4.81911,-11.83042,-9.605738333,-8.563675
4649,Session4,ETH-3,5.412716667,12.38213333,17.38484333,24.67323833,5.839025
4650,Session4,NDS-19,5.655953333,12.050655,17.17959167,24.06025833,36.51926667
4651,Session4,PD5-78-C,0.693786667,25.79796,25.74864333,52.326555,52.53084
4652,Session4,PD3-88A BOTTOM,9.164096667,13.22751333,22.16626333,26.49686333,35.87203
4653,Session4,PD5-31_3A,6.438936667,10.57517,16.61056167,21.16891167,17.96821833
4654,Session4,ETH-1,5.734621667,11.99163167,17.03082833,23.90644833,19.06024167
4655,Session4,ETH-4,-6.329505,-4.85567,-11.70893167,-9.774055,-12.804045
4656,Session4,NBS-18,-1.62203,-9.240266667,-11.37156667,-18.55141833,-42.95251167
4657,Session4,SBR-10_0A,10.04433667,15.40093833,25.19468,30.7801,10.323925
4658,Session4,PD3-52_5 BOTTOM,10.05694167,11.987435,21.83989167,23.88992167,10.31862833
4659,Session4,F7309A,-0.216551667,19.40579667,18.50156667,39.100015,42.886245
4660,Session4,ETH-2,-6.252681667,-4.7708,-12.00568667,-9.816535,-59.71516833
4661,Session4,ETH-3,5.447103333,12.43587167,17.46968667,24.76106667,-6.275393333
4662,Session4,IAEA-C1,6.13375,11.82714833,17.17918,23.39424667,-30.33525333
4663,Session4,PD3-44_56,8.063563333,12.33813833,20.060315,24.64380167,21.52254
4664,Session4,PD3-52_5 TOP,10.11224667,12.39367667,22.24343,24.74440833,9.181475
4665,Session4,ETH-1,5.691,11.78695333,16.690855,23.25836833,-6.399968333
4666,Session4,ETH-4,-6.282288333,-4.862448333,-11.75051167,-9.884835,-40.47295667
6946,Session5,ETH-3,4.815581667,12.53740333,17.00882667,25.11209167,-18.67307833
6947,Session5,ETH-2,-6.855955,-4.59284,-12.29815,-9.257005,-58.62173333
6948,Session5,ETH-4,-6.925326667,-4.7144,-12.2678,-9.53477,-63.19555833
6950,Session6,ETH-3,4.808823333,12.54085,17.014165,24.95884833,-10.61099667
6951,Session6,ETH-4,-6.920396667,-4.684263333,-12.22155833,-9.440448333,-58.00223
6952,Session6,MERCK,-36.66119167,-1.635311667,-39.80546,-3.49773,-77.615625
6953,Session6,ETH-1,5.080923333,12.06360833,16.39041833,23.85901167,-19.46787333
6954,Session6,LJ2010-12A-Z2A,9.541643333,-24.263325,-14.530655,-47.84490333,-70.46622833
6955,Session6,LJ2010-12A-Z1A,9.032415,-25.54072,-16.35506,-50.24764,-76.515655
6956,Session6,LJ2010-5B-A,9.572838333,-23.75197667,-14.01767833,-46.882125,-70.00174
6957,Session6,ETH-3,4.836248333,12.58907833,17.06459667,25.22028,-19.77520667
6958,Session6,ETH-2,-6.861235,-4.647095,-12.33765833,-9.416156667,-60.46029333
6959,Session6,LJ2010-12A-Z1A,9.110411667,-25.62114333,-16.35544667,-50.40032,-79.69584833
6960,Session6,LJ2010-5B-A,9.590903333,-23.72009167,-13.96116833,-46.77192333,-69.06227333
6961,Session6,LJ2010-12A-Z2A,9.570041667,-24.25956333,-14.52554333,-47.94337667,-89.41627833
6962,Session6,ETH-1,5.088496667,11.991895,16.322595,23.707855,-32.14856667
6963,Session6,ETH-4,-6.96434,-4.81324,-12.40764333,-9.831361667,-60.46257167
6964,Session6,LJ2010-5B-A,9.59583,-23.71281333,-13.95922333,-46.872055,-69.17269833
6965,Session6,LJ2010-12A-Z2A,9.556176667,-24.28836833,-14.60408,-47.896735,-73.80902667
6966,Session6,LJ2010-12A-Z1A,9.027071667,-25.71614667,-16.52283833,-50.67538833,-72.856935
6967,Session6,ETH-3,4.788176667,12.40267667,16.80061,24.75884667,-26.61930833
6968,Session6,ETH-2,-6.827868333,-4.436445,-12.11777667,-9.058263333,-59.494345
6969,Session6,LJ2010-12A-Z1A,9.11232,-25.52163167,-16.25757833,-50.29244,-76.75130833
6970,Session6,LJ2010-12A-Z2A,9.580288333,-24.241785,-14.51070333,-47.78510667,-86.111155
6971,Session6,LJ2010-5B-A,9.604963333,-23.7063,-13.94899167,-46.73334833,-76.76976
6972,Session6,ETH-4,-6.91891,-4.688196667,-12.237605,-9.435446667,-64.78936333
6973,Session6,ETH-1,5.095356667,12.04162833,16.36056833,23.86392833,-28.03611167
6974,Session6,LJ2010-12A-Z2A,9.552918333,-24.249355,-14.55678833,-47.710045,-75.58940167
6975,Session6,LJ2010-12A-Z1A,9.150756667,-25.43847,-16.16021667,-50.06807833,-85.62734
6976,Session6,MERCK,-36.64433667,-1.5246,-39.70407833,-3.247555,-79.05652167
6977,Session6,ETH-2,-6.877248333,-4.579753333,-12.32421167,-9.244963333,-67.17787667
6978,Session6,ETH-4,-6.93274,-4.624608333,-12.21564167,-9.31967,-67.10608
6979,Session6,LJ2010-5B-A,9.602415,-23.58809667,-13.834945,-46.55269333,-77.95126167
6980,Session6,LJ2010-12A-Z1A,9.043425,-25.48518167,-16.28848167,-50.09073667,-90.57668833
6981,Session6,LJ2010-12A-Z2A,9.559813333,-24.199425,-14.49419167,-47.67894333,-75.57693167
6982,Session6,ETH-1,5.119081667,12.144865,16.52645333,24.17499833,-30.44838
6983,Session6,ETH-3,4.829256667,12.66732,17.10712833,25.26234167,-23.26415833
6987,Session7,ETH-3,4.766636667,12.39074833,16.77105667,24.61934333,-30.457625
6988,Session7,ETH-2,-6.861368333,-4.636858333,-12.38208667,-9.436125,-63.67573167
6989,Session7,MERCK,-36.65897333,-1.655453333,-39.848915,-3.440278333,-82.19666
6990,Session7,LJ2010-12A-Z1A,9.212253333,-25.56777667,-16.18515167,-50.3777,-80.66634167
6991,Session7,LV26NOV10-2A,12.305335,-15.03337667,-2.618258333,-29.822115,-65.33466167
6992,Session7,LJ2010-5B-A,9.594665,-23.76596,-14.05228833,-46.87804167,-80.49717833
6993,Session7,ETH-1,5.10722,12.04275333,16.398425,23.822905,-27.54044333
6994,Session7,ETH-4,-6.931811667,-4.750651667,-12.332535,-9.727335,-60.05039167
6995,Session7,LV26NOV10-2A,12.71718333,-15.052195,-2.214348333,-30.01066667,-59.02864
6996,Session7,LJ2010-12A-Z1A,9.07769,-25.61118,-16.39141667,-50.41647,-73.79504333
6997,Session7,F6975-B,0.766706667,16.67285,16.72461667,33.40842333,-18.94189667
6998,Session7,ETH-3,4.826001667,12.54997,16.99357,24.99844333,-24.32677833
6999,Session7,ETH-2,-6.852168333,-4.630735,-12.372095,-9.489533333,-64.26257667
7000,Session7,PD5-81-B,6.748176667,15.605075,21.92192667,31.19302333,-18.92120333
7001,Session7,LJ2010-12A-Z1A,9.070906667,-25.53174,-16.31171,-50.303465,-79.94140667
7002,Session7,LV26NOV10-2A,12.76947167,-15.04211,-2.146835,-29.80990167,-63.04097
7003,Session7,ETH-2,-6.842958333,-4.64576,-12.33567167,-9.458966667,-65.9615
7004,Session7,ETH-3,4.834516667,12.539585,16.99488167,24.99708833,-26.92142167
7005,Session7,F6975-B,0.732461667,16.56273333,16.56388833,33.117915,-11.853655
7006,Session7,PD5-76_8-B,0.31845,21.003265,20.54309333,42.19104167,-10.48574833
7007,Session7,PD5-76_8-C,0.120466667,23.65218667,23.06055333,47.71846667,23.46816
7008,Session7,ETH-1,5.109393333,12.04404167,16.40104833,23.712295,-25.08488333
7009,Session7,ETH-4,-6.904365,-4.707073333,-12.24604333,-9.519175,-65.20016833
7010,Session7,LV26NOV10-2A,12.83010667,-14.97448167,-2.023433333,-29.725965,-60.99896667
7011,Session7,LJ2010-12A-Z1A,9.197978333,-25.51312833,-16.14888833,-50.32779167,-85.76889167
7012,Session7,IAEA-C1,5.499661667,11.977595,16.84067833,23.73675333,-27.82877167
7013,Session7,ETH-1,5.098373333,12.07907333,16.39619833,23.95223167,-24.509185
7014,Session7,ETH-3,4.845943333,12.62998,17.10508333,25.18022667,-18.489305
7015,Session7,PD5-76_8-C,0.118165,23.811745,23.101885,47.99205167,-10.57036833
7016,Session7,PD5-76_9a-D,-2.368201667,18.18547667,14.95113333,36.47198833,-17.97109333
7017,Session7,PD5-81-B,6.808065,15.77225667,22.16518833,31.50085167,-15.18258667
7018,Session7,ETH-2,-6.844353333,-4.573858333,-12.29350833,-9.294653333,-64.78894333
7019,Session7,ETH-4,-6.926603333,-4.65023,-12.242025,-9.452966667,-58.49734667
7020,Session7,F6975-B,0.688243333,16.43951667,16.42815833,32.87033667,-24.10765833
7021,Session7,PD5-81-B,6.797603333,15.76914167,22.146,31.52391167,-18.474555
7022,Session7,PD5-91-D,3.737471667,14.01276,17.20728333,27.974445,-17.28941167
7023,Session7,ETH-4,-6.928146667,-4.64576,-12.20651,-9.383706667,-63.342385
7024,Session7,ETH-1,5.088026667,12.05559667,16.36641,23.91578,-23.61089333
7025,Session7,PD5-76_8-C,0.101645,23.68010667,22.975265,47.73114333,-9.778886667
7026,Session7,F6975-B,0.697116667,16.528295,16.52869333,33.12079,-22.90416167
7027,Session7,PD5-81-B,6.789818333,15.73375,22.114365,31.52647833,-12.60388333
7028,Session7,ETH-3,4.82745,12.613655,17.07725833,25.21539167,-23.32270333
7029,Session7,ETH-2,-6.862665,-4.605223333,-12.33400333,-9.415645,-59.84370333
7030,Session7,PD5-76_8-C,0.097026667,23.71480833,22.96839667,47.73791833,-7.55897
7852,Session8,ETH-3,4.576383333,12.00137833,16.1527,23.71209333,-29.91669
7853,Session8,ETH-2,-7.052678333,-5.15311,-13.107515,-10.63915333,-66.74873667
7854,Session8,ETH-1,4.965503333,11.75394167,15.91325167,23.21336667,-24.95092667
7855,Session8,IAEA-C2,-4.772678333,4.633093333,-0.767913333,9.136206667,-45.30068667
7856,Session8,LJ2010-12A-Z1A,8.728745,-25.98509333,-17.13011333,-51.10522333,-81.89605167
7857,Session8,LV26NOV10-2A,12.831905,-15.51758,-2.593151667,-30.76244833,-60.837615
7858,Session8,LF2012-D1-A,5.322533333,-13.62295667,-8.312056667,-27.16536167,-65.472115
7859,Session8,ETH-3,4.639831667,12.09708333,16.30272667,24.05328667,-29.65186333
7860,Session8,ETH-4,-7.108913333,-5.21303,-12.97628667,-10.56834333,-65.21486833
7861,Session8,LF2012-9_7-A,4.520523333,-13.76471667,-9.287625,-27.501505,-63.895455
7862,Session8,LJ2010-12A-Z1A,8.876248333,-26.141585,-17.12372833,-51.46617833,-75.58889333
7863,Session8,LV26NOV10-2A,12.78307,-15.648155,-2.777658333,-31.06557667,-62.82459833
7864,Session8,ETH-1,4.905535,11.52143,15.63089333,22.94283167,-25.84659167
7865,Session8,ETH-2,-7.061353333,-5.218853333,-13.15026833,-10.66304667,-58.98379833
7866,Session8,LJ2010-5B-B,8.884048333,-24.63454333,-16.06955667,-48.48898833,-70.09274667
7867,Session8,LF2012-D1-A,5.3561,-13.71514667,-8.400091667,-27.27149833,-67.46584667
7868,Session8,LF2012-9_7-A,4.514413333,-13.81193833,-9.334225,-27.49109167,-63.06638167
7869,Session8,ETH-1,4.909543333,11.548465,15.66144333,22.79500833,-31.65671
7870,Session8,ETH-3,4.597951667,11.99481833,16.20556167,23.74470667,-28.12951333
7871,Session8,LF2012-D1-A,5.317395,-13.79491,-8.518678333,-27.46604833,-63.94656167
7872,Session8,LF2012-9_7-A,4.496941667,-13.79628167,-9.32532,-27.39024667,-64.000585
7873,Session8,LJ2010-12A-Z1A,8.933943333,-26.08273167,-17.01531667,-51.30584667,-71.06632167
7874,Session8,ETH-2,-7.036558333,-5.150205,-13.07353167,-10.55809667,-64.81429167
7875,Session8,ETH-4,-7.13608,-5.239588333,-13.00235833,-10.56875167,-54.95022667
7876,Session8,LJ2010-5B-B,8.929401667,-24.57618667,-15.95551833,-48.41291,-75.97128667
7877,Session8,LF2012-D1-A,5.30803,-13.67903833,-8.389355,-27.20520167,-63.46888333
7878,Session8,MERCK,-36.85906167,-2.109881667,-40.45892667,-4.453185,-77.52217
7879,Session8,ETH-2,-7.063445,-5.107935,-13.050365,-10.521495,-56.727835
7880,Session8,ETH-3,4.600838333,12.09150833,16.30051167,23.99804667,-18.18847667
7881,Session8,LF2012-9_7-A,4.507163333,-13.813585,-9.339295,-27.44976167,-64.14888167
7887,Session9,ETH-3,4.655448333,12.15601167,16.39142167,24.16131333,-24.58198833
7888,Session9,ETH-1,4.876913333,11.49919333,15.56086,22.66492833,-29.643915
7892,Session9,ETH-4,-7.108643333,-5.229066667,-13.05889167,-10.76976167,-59.10996167
7893,Session9,ETH-2,-7.06687,-5.18689,-13.14906333,-10.71367,-61.46364333
7894,Session9,LJ2010-5B-B,8.900935,-24.70708667,-16.12678667,-48.7099,-80.487175
7895,Session9,IAEA-C1,5.278763333,11.40864667,16.00822333,22.65448833,-24.66380833
7897,Session9,ETH-1,4.878233333,11.47472833,15.579185,22.776495,-24.71784167
7898,Session9,ETH-3,4.628205,12.03166333,16.23122,23.838095,-25.56793833
8908,Session10,ETH-3,4.625483333,11.86862167,16.10034167,23.531845,-13.794825
8909,Session10,MERCK,-36.898325,-2.435811667,-40.80682333,-5.136301667,-64.10159
8910,Session10,BONI_IPGP_80_1,-4.115475,-2.194076667,-6.90448,-4.615651667,-45.377585
8911,Session10,UWCP14_70C_CA_4,2.18527,-6.345396667,-4.531495,-12.92402667,-46.29880333
8912,Session10,UWCP14_4C_4,-19.18068667,6.582858333,-13.77091333,13.008645,-50.04795833
8913,Session10,ETH-1,4.812928333,11.16107833,15.21268,22.01894333,-20.16029667
8914,Session10,ETH-4,-7.142298333,-5.447026667,-13.22073833,-11.06906667,-53.52921167
8915,Session10,UWCP14_50C_7,2.269586667,-4.135658333,-2.231945,-8.48741,-44.55362333
8916,Session10,BONI_IPGP_350_A9,-50.22338,-18.12091167,-69.410345,-35.91280667,-109.54759
8917,Session10,UWCP14_8C_CA_4,-13.58004,5.325566667,-9.214268333,10.52076667,-50.36659833
8918,Session10,ETH-3,4.40257,11.19597167,15.19983167,22.33464833,-21.70915
8919,Session10,ETH-2,-7.20441,-5.862306667,-13.92616833,-11.76094,-57.63744
8920,Session10,UWCP14_50C_2,-15.03487667,-3.996803333,-19.80835167,-8.07688,-54.46735167
8921,Session10,UWCP14_4C_3,-17.32148667,6.166465,-12.24594,12.27661333,-43.827315
8922,Session10,UWCP14_50C_CA_11,-14.81682333,-2.703806667,-18.356735,-5.558936667,-55.07045333
8923,Session10,ETH-2,-7.204565,-5.913163333,-13.956555,-11.95249333,-60.57973667
8924,Session10,ETH-3,4.592746667,11.76340667,15.94646167,23.555705,-12.56691
8925,Session10,UWCP14_20C_CA_11,-10.56521333,2.223666667,-9.128205,4.317193333,-43.26720667
8926,Session10,UWCP14_70C_4,-14.24298333,-5.59777,-20.636525,-11.25257167,-61.96251833
8927,Session10,UWCP14_8C_6,3.073321667,4.355015,7.109055,8.69502,-30.731295
8928,Session10,ETH-1,4.863283333,11.26757833,15.33907667,22.31067167,-23.52271333
8929,Session10,ETH-4,-7.184595,-5.602795,-13.40761833,-11.3761,-56.19529333
8930,Session10,UWCP14_21C_1,-14.775715,2.168691667,-13.51301,4.116205,-54.38923
8931,Session10,UWCP14_20C_9,-17.1088,2.2438,-15.86814,4.399948333,-49.56277167
8932,Session10,IAEA-C1,5.316506667,11.38321667,16.01606333,22.70495333,-22.03159167
8933,Session10,ETH-1,4.878248333,11.32007833,15.41951667,22.43147333,-15.33409667
8934,Session10,ETH-3,4.62206,11.88460167,16.09160833,23.51203833,-22.66781
8935,Session10,BONI_IPGP_100_A3,-41.14512833,-3.117643333,-45.92180167,-6.282633333,-84.78190167
8936,Session10,UWCP14_80C_2,-3.664868333,-8.268938333,-12.40092333,-16.65378667,-61.89545667
8937,Session10,UWCP14_8C_2,-11.49831333,5.143308333,-7.228395,10.13322333,-38.74019333
8938,Session10,ETH-2,-7.1323,-5.511285,-13.52449667,-11.17738,-52.83120333
8939,Session10,ETH-4,-7.186051667,-5.481425,-13.33104167,-11.07099167,-55.09219333
8940,Session10,JOHN_HT_80C,3.41368,-2.143425,0.915631667,-4.484843333,-41.52949833
8941,Session10,KELE_Ba-2B,7.52607,1.924015,9.221598333,3.881005,-32.66743167
8942,Session10,KELE_KH_1,8.037985,0.556096667,8.369771667,1.016118333,-31.77053833
8943,Session10,ETH-4,-7.308548333,-5.916033333,-13.850355,-12.00141833,-53.82197833
8944,Session10,ETH-1,4.799023333,11.14399667,15.148275,21.96396333,-12.42677667
8945,Session10,KELE_E1,4.629113333,-6.238665,-1.885373333,-12.46193833,-41.20771833
8946,Session10,KELE_BUK_4,4.586935,-1.792471667,2.493946667,-3.621948333,-41.56818667
8947,Session10,JOHN_HT_25C,4.711551667,6.74172,11.12149167,13.304055,-18.715155
8948,Session10,ETH-3,4.409338333,11.25275833,15.29731167,22.390135,-22.448045
8949,Session10,ETH-2,-7.270721667,-6.037815,-14.15035333,-12.23070667,-56.62580833
8950,Session10,KELE_GAWATUPA,-1.02244,7.867758333,6.283146667,15.60830833,-30.57801333
8951,Session10,IAEA-C2,-4.761341667,4.541233333,-0.825716667,8.75511,-46.01273833
8952,Session10,KELE_SZAL,-6.870726667,4.901788333,-2.638711667,9.827341667,-36.55770833
8953,Session10,ETH-4,-7.300065,-5.924238333,-13.86495333,-11.91210833,-58.08126333
8954,Session10,ETH-3,4.52227,11.64012,15.75298,23.23732667,-6.714411667
8957,Session11,ETH-3,4.564816667,11.73414333,15.90246833,23.39388833,-12.34988833
8958,Session11,ETH-4,-7.309108333,-5.91276,-13.846855,-11.86124333,-49.25330167
8959,Session11,IAEA-C1,4.922558333,10.02388167,14.31967667,19.89102667,-7.29825
8960,Session11,KELE_IGAL,2.84317,-1.394398333,1.051438333,-2.887006667,-24.08769167
8961,Session11,UWCP14_4C_4,-19.455975,5.367258333,-15.218355,10.6054,-32.21001
8962,Session11,KELE_CANARIAN,2.796005,3.041958333,5.456593333,5.919731667,-22.71125
8963,Session11,ETH-4,-7.49191,-6.599775,-14.664485,-13.236105,-43.47107667
8964,Session11,ETH-3,4.145928333,9.95547,13.74113833,19.90561833,0.717798333
8965,Session11,KELE_LAPIGNA,-8.208908333,6.232356667,-2.73396,12.44371,-24.15087
8966,Session11,UWCP14_21C_1,-15.23258833,0.182603333,-15.89750833,0.245843333,-38.96591667
8967,Session11,KELE_BUK_4,4.083111667,-3.38182,0.42407,-6.713518333,-30.79357
8968,Session11,ETH-2,-7.482073333,-6.915413333,-15.21962,-13.96517167,-45.82253167
8969,Session11,ETH-1,4.899268333,11.45569833,15.55590667,22.66182,-19.90300833
8970,Session11,UWCP14_50C_2,-15.21278,-4.667151667,-20.62760833,-9.274158333,-42.15054167
8971,Session11,KELE_NG_2,4.870101667,-13.35677333,-8.659325,-26.51357,-37.445835
8972,Session11,UWCP14_60C_2,-9.64038,-6.777148333,-17.00711,-13.55674,-47.45345333
8973,Session11,ETH-3,4.172678333,10.48477667,14.255335,21.00595167,-15.27943667
8974,Session11,ETH-1,4.546538333,10.30286167,14.07940167,20.45099167,-12.23731667
8975,Session11,KELE_TURA,5.468795,-10.57887667,-5.415228333,-21.125585,-44.27071
8976,Session11,UWCP14_4C_3,-17.34977333,6.152875,-12.31470667,12.17790167,-50.01492833
8977,Session11,KELE_SARTEANO,2.543813333,3.978951667,6.141443333,7.972636667,-27.36485667
8978,Session11,ETH-4,-7.665068333,-7.199176667,-15.48701667,-14.48925667,-50.83395
8979,Session11,ETH-2,-7.122463333,-5.41658,-13.411415,-11.06425667,-58.06915833
8980,Session11,UWCP14_80C_2,-3.961418333,-9.293706667,-13.66232333,-18.506175,-51.758295
8981,Session11,KELE_GAWATUPA,-1.532336667,5.933386667,3.888138333,11.87917167,-21.31956667
8982,Session11,IAEA-C2,-5.235055,2.900678333,-2.930683333,5.652926667,-25.12857667
8983,Session11,ETH-3,4.58297,11.94884667,16.12391,23.81788667,-11.04654833
8984,Session11,ETH-2,-7.746536667,-7.831698333,-16.39074333,-15.55043667,-51.52325667
8986,Session11,ETH-4,-7.39814,-6.099295,-14.10545833,-12.186235,-36.1576
8987,Session11,ETH-1,4.637456667,10.74533333,14.60534833,21.37697167,-5.903703333
8988,Session11,KELE_P5_SUMMER,7.218356667,-2.728756667,4.413405,-5.514258333,-16.06483833
8989,Session11,UWCP14_8C_CA_4,-14.26120333,2.913256667,-12.20916,5.78009,-26.61180667
8990,Session11,KELE_AQUA_BORRA,5.378665,5.709088333,10.75410833,11.31723333,-15.22292667
8991,Session11,ETH-1,4.278875,9.118406667,12.67188167,18.12349167,3.132883333
8992,Session11,ETH-3,3.935135,9.337141667,12.91783,18.64802333,-3.004508333
8993,Session11,UWCP14_20C_CA_11,-11.21089333,-0.131446667,-12.06575167,-0.153543333,-30.561855
8994,Session11,UWCP14_70C_CA_4,1.716766667,-8.627481667,-7.178606667,-17.129265,-37.07376
8995,Session11,UWCP14_50C_CA_11,-15.40749667,-4.836973333,-21.00470333,-9.716153333,-41.16132667
8996,Session11,ETH-2,-7.580206667,-7.193891667,-15.62699667,-14.48615,-39.09917833
8997,Session11,ETH-4,-7.840481667,-7.810891667,-16.22517333,-15.60512,-37.75588833
8998,Session11,UWCP14_8C_6,2.575781667,2.729391667,5.041153333,5.49631,-22.73638167
9002,Session12,ETH-3,4.469241667,11.56616167,15.65386333,23.05556667,-0.76041
9003,Session12,ETH-2,-7.240045,-5.766428333,-13.857605,-11.63146667,-40.22172667
9004,Session12,MERCK,-36.92736833,-2.417395,-40.80779167,-4.977541667,-56.631835
9005,Session12,BONI_IPGP_80_1,-4.0823,-2.020023333,-6.666918333,-4.200481667,-32.81964
9006,Session12,JOHN_HT_25C,4.604775,6.55604,10.86079667,13.01282667,-17.41468667
9007,Session12,KELE_IGAL,3.05529,-0.41835,2.241695,-1.062543333,-21.20065
9008,Session12,ETH-1,4.667356667,10.77460667,14.66552833,21.36845,-5.47952
9009,Session12,ETH-4,-7.438568333,-6.24428,-14.28810333,-12.71776667,-42.03213833
9010,Session12,BONI_IPGP_100_A3,-41.28631667,-3.84692,-46.70487167,-7.873816667,-61.81841833
9011,Session12,KELE_CANARIAN,2.418203333,1.95567,4.068623333,3.629903333,-16.16901667
9012,Session12,JOHN_HT_80C,3.184263333,-2.860715,-0.032036667,-5.758818333,-28.37040833
9013,Session12,ETH-3,4.062331667,9.703001667,13.42520167,19.47276333,9.597543333
9014,Session12,ETH-2,-7.539565,-6.912983333,-15.25827333,-13.97769,-39.272615
9015,Session12,BONI_IPGP_350_A9,-50.47677333,-18.78800833,-70.22326333,-37.23408333,-88.953105
9016,Session12,KELE_LAPIGNA,-7.997968333,7.227421667,-1.558473333,14.380175,-14.68028667
9017,Session12,KELE_BUK_4,4.349203333,-2.370846667,1.717851667,-4.940863333,-25.82670167
9018,Session12,ETH-2,-7.230281667,-5.81192,-13.85079667,-11.65997833,-43.80845333
9019,Session12,ETH-3,4.485365,11.49173667,15.63647167,22.915395,-4.648195
9020,Session12,UWCP14_4C_4,-19.32990333,6.057678333,-14.41244833,12.02102333,-27.12316833
9021,Session12,KELE_NG_2,5.363858333,-11.84433,-6.6308,-23.62831,-44.58769
9022,Session12,KELE_BEL-2b,7.480161667,1.712346667,8.999876667,3.390851667,-11.67770167
9023,Session12,ETH-1,4.697561667,10.83811167,14.80064,21.47201167,0.70397
9024,Session12,ETH-4,-7.52949,-6.685858333,-14.78325167,-13.432955,-38.86740167
9025,Session12,UWCP14_70C_CA_4,1.827336667,-7.259838333,-5.732781667,-14.44823167,-34.992845
9026,Session12,KELE_E1,4.558143333,-6.299073333,-2.003441667,-12.61020167,-26.66781
9027,Session12,IAEA-C1,5.099426667,10.81799,15.26321167,21.47068333,-3.831931667
9028,Session12,ETH-1,4.6684,10.79904,14.71479,21.32278833,-3.732791667
9029,Session12,ETH-3,4.409086667,11.38194833,15.4171,22.73698,-1.442085
9030,Session12,UWCP14_50C_7,1.988363333,-4.908291667,-3.223361667,-9.904703333,-26.94636167
9031,Session12,KELE_P5_WINTER,7.052405,-0.398521667,6.518341667,-0.896736667,-18.4649
9032,Session12,UWCP14_8C_2,-11.54099333,4.900096667,-7.462963333,9.75871,-25.78554667
9033,Session12,ETH-2,-7.241568333,-5.708616667,-13.79329,-11.65210333,-42.48238333
9034,Session12,ETH-4,-7.289503333,-5.668483333,-13.58889833,-11.40850333,-44.43043333
9035,Session12,KELE_AQUA_BORRA,5.265213333,5.4088,10.37181833,10.74185333,-10.39902833
9036,Session12,UWCP14_8C_6,3.021083333,4.376815,7.058206667,8.644696667,-12.75874833
9037,Session12,UWCP14_20C_CA_11,-10.714305,1.911513333,-9.549995,3.679921667,-28.25345833
9038,Session12,ETH-4,-7.342475,-5.859726667,-13.82504833,-11.70802833,-39.87013
9039,Session12,ETH-1,4.693356667,10.94460833,14.85783167,21.79650333,1.8787
9040,Session12,KELE_P5_SUMMER,7.355703333,-1.762471667,5.504591667,-3.543938333,-22.05641167
9041,Session12,KELE_P5_WINTER,7.064866667,-0.379825,6.585465,-0.752603333,-15.34877333
9042,Session12,UWCP14_8C_2,-11.62970167,4.742461667,-7.714068333,9.294458333,-28.79805833
9043,Session12,ETH-3,4.31313,11.09406,15.071855,22.14916,2.320933333
9044,Session12,ETH-2,-7.446695,-6.59906,-14.84771333,-13.365035,-39.73387167
9045,Session12,KELE_GAWATUPA,-1.205406667,7.467446667,5.739873333,14.78635333,-7.806826667
9046,Session12,IAEA-C2,-5.0798,3.637841667,-2.025555,7.214013333,-25.17140833
9047,Session12,KELE_SARTEANO,2.862746667,5.265681667,7.739886667,10.334925,-13.41697167
9048,Session12,ETH-4,-7.629738333,-6.869411667,-14.559185,-13.72396,104.5177133
9049,Session12,ETH-3,4.22006,10.73262667,14.607905,21.48186333,6.814298333
9050,Session13,ETH-1,4.403815,9.649766667,13.31673167,19.20053667,3.535705
9051,Session13,ETH-2,-7.438288333,-6.480261667,-14.73653167,-13.06591667,-41.96342833
9052,Session13,ETH-3,4.255265,10.75529,14.64395833,21.68590667,-1.097458333
9053,Session13,ETH-4,-7.31251,-5.877265,-13.78049667,-11.75670833,-42.85374833
9054,Session13,IAEA-C1,4.99017,10.43228833,14.78261833,20.67896333,-3.781788333
9055,Session13,UWCP14_50C_7,1.978,-4.991153333,-3.307695,-10.046465,-33.36070833
9056,Session13,UWCP14_4C_4,-19.51689667,5.443871667,-15.22131333,10.72868333,-36.484375
9057,Session13,UWCP14_70C_CA_4,1.90049,-7.20765,-5.637928333,-14.611885,-37.39293667
9058,Session13,ETH-4,-7.449838333,-6.317936667,-14.38757,-12.71445167,-42.33778167
9059,Session13,ETH-3,4.217696667,10.55402833,14.412365,21.0344,-8.192966667
9060,Session13,UWCP14_21C_1,-15.080765,1.079415,-14.870195,2.101543333,-29.82627
9061,Session13,UWCP14_8C_6,2.660841667,3.1139,5.480945,6.077616667,-11.66545333
9062,Session13,UWCP14_50C_2,-15.25121167,-4.766416667,-20.76330333,-9.648483333,-38.28652667
9063,Session13,ETH-2,-7.565783333,-6.997256667,-15.36736833,-14.10547167,-41.30341167
9064,Session13,ETH-1,4.112345,8.5345,11.89892167,17.13052667,1.409108333
9068,Session14,ETH-3,4.359271667,11.343765,15.286945,22.547115,4.909448333
9069,Session14,ETH-1,4.606718333,10.59709,14.43267167,20.99140667,-7.337961667
9070,Session14,UWCP14_4C_3,-17.58637167,5.520668333,-13.13482167,10.91577167,-37.67989833
9071,Session14,UWCP14_8C_CA_4,-13.8254,4.392531667,-10.33647833,8.654773333,-30.83645
9072,Session14,UWCP14_8C_2,-11.51369667,5.06924,-7.291005,9.943503333,-32.46353167
9073,Session14,ETH-4,-7.695438333,-7.389556667,-15.636445,-14.71629,-48.04134333
9074,Session14,ETH-2,-7.423391667,-6.361475,-14.61606667,-12.96948833,-41.64723333
9075,Session14,UWCP14_80C_2,-4.310473333,-10.74228,-15.39318667,-21.353885,-28.71071667
9076,Session14,UWCP14_20C_9,-17.38610833,1.48575,-16.85977333,2.8555,-46.487315
9077,Session14,IAEA-C2,-5.497275,1.654425,-4.355396667,3.199973333,-23.642515
9078,Session14,ETH-3,4.058688333,10.02101667,13.73387667,20.192335,-5.21326
9079,Session14,ETH-2,-7.585353333,-7.068266667,-15.45849333,-14.23405333,-40.91389167
10075,Session16,ETH-3,4.728591667,12.42809667,16.93729167,24.88359833,25.78079167
10076,Session16,ETH-4,-7.023131667,-4.861578333,-12.35539333,-9.613383333,-11.82207167
10077,Session16,ETH-1,4.992566667,11.87099333,16.27862833,23.62936667,30.41437333
10078,Session16,ETH-2,-6.916766667,-4.723688333,-12.35838333,-9.416406667,-14.54736167
10079,Session16,ETH-3,4.743535,12.42767333,16.96598667,24.80082,26.44740167
10080,Session16,ETH-4,-7.023295,-4.87008,-12.36152333,-9.640993333,-15.921505
10081,Session16,ETH-1,5.008813333,11.90286833,16.31530667,23.7287,19.86564833
10082,Session16,ETH-2,-6.929273333,-4.740541667,-12.36587667,-9.558588333,-16.05939833
10083,Session16,ETH-3,4.734343333,12.39103333,16.91406667,24.80823667,25.066165
10084,Session16,ETH-4,-7.024035,-4.861033333,-12.35402167,-9.64465,-14.717095
10085,Session16,IAEA-C2,5.386951667,11.76763667,16.68037,23.43102,27.71051667
10086,Session16,KELE_P5_SUMMER,7.805153333,-0.303471667,7.54348,-0.598195,11.4945
10087,Session16,KELE_CANARIAN,2.924215,3.571271667,6.287068333,7.101473333,15.81176167
10088,Session16,BONI_IPGP_350_A9,-49.85138833,-17.1259,-67.89736,-33.855045,-70.21051833
10089,Session16,ETH-3,4.70043,12.38267167,16.86518333,24.80996667,18.93246833
10090,Session16,ETH-1,4.997983333,11.906525,16.30565333,23.61380833,17.72987
10091,Session16,KELE_LAPIGNA,-7.665086667,8.401911667,0.085031667,16.73245667,3.173598333
10092,Session16,KELE_BUK_4,4.704885,-1.168276667,3.408363333,-2.391473333,-4.057501667
10093,Session16,KELE_TURA,5.79736,-9.433063333,-3.771738333,-18.75044167,-13.97739167
10094,Session16,ETH-2,-6.916713333,-4.772245,-12.39925167,-9.652508333,-16.05871667
10095,Session16,ETH-4,-7.03992,-4.919271667,-12.4207,-9.917803333,-18.87874333
10096,Session16,KELE_SARTEANO,3.278046667,6.632213333,9.690636667,13.30300833,17.34263667
10097,Session16,BONI_IPGP_350_A9,-49.932385,-17.14715333,-67.98392167,-33.83666333,-67.77351
10098,Session16,JOHN_HT_80C,3.666033333,-1.09343,2.384081667,-2.102496667,-2.056953333
10099,Session16,ETH-1,4.983238333,12.01907167,16.30257,24.2469,32.57207333
10100,Session16,ETH-2,-6.932673333,-4.742728333,-12.34962167,-9.455035,-11.53376833
10101,Session16,JOHN_HT_25C,5.048801667,7.594658333,12.472365,15.1709,13.34027833
10102,Session16,BONI_IPGP_80_1,-3.818431667,-1.377946667,-5.614,-2.672953333,-3.506468333
10103,Session16,BONI_IPGP_100_A3,-40.73835167,-2.530758333,-44.738075,-4.996801667,-27.71049167
10104,Session16,ETH-3,4.679608333,12.42354667,16.919065,24.90273833,31.70636333
10105,Session16,ETH-2,-6.94159,-4.745371667,-12.36499833,-9.525853333,-12.21163833
10106,Session16,KELE_P5_WINTER,7.52796,1.25727,8.830893333,2.518081667,10.36538667
10107,Session16,KELE_AQUA_BORRA,5.553856667,6.315806667,11.78565667,12.81387167,28.20621167
10108,Session16,KELE_SZAL,-6.770455,5.632971667,-1.679381667,11.19423667,5.784091667
10109,Session16,ETH-1,4.9811,11.89434167,16.30109333,23.66448667,21.85940333
10110,Session16,ETH-4,-7.044643333,-4.875556667,-12.40085,-9.692641667,-16.10269833
10111,Session16,KELE_TURA,5.738726667,-9.454173333,-3.80982,-18.78612167,-11.86792667
10112,Session16,BONI_IPGP_100_A3,-40.92892833,-2.582045,-45.02297167,-5.166388333,-47.138625
10113,Session16,KELE_BUK_4,4.641971667,-1.183435,3.330381667,-2.39095,4.873731667
10114,Session16,ETH-4,-7.0539,-4.89602,-12.41894,-9.668751667,-15.679125
10115,Session16,ETH-3,4.693048333,12.44442167,16.89398,25.00599833,25.82463833
10116,Session16,UWCP14_8C_CA_4,-13.43273167,5.859425,-8.349791667,11.79050167,-5.336058333
10117,Session16,UWCP14_21C_1,-14.60856333,2.89913,-12.49767333,5.71778,-11.318735
10118,Session16,UWCP14_70C_CA_4,2.304716667,-5.636076667,-3.50622,-11.22349667,-8.451436667
10119,Session16,ETH-3,4.69512,12.37424667,16.84896833,24.82896833,14.01402833
10120,Session16,ETH-2,-6.929268333,-4.751448333,-12.38733,-9.479895,-20.07020667
10121,Session16,ETH-1,4.97342,11.88051667,16.24374167,23.71281833,22.12054333
10122,Session16,ETH-4,-7.041825,-4.856636667,-12.369325,-9.716598333,-16.56073167
10123,Session17,ETH-3,4.676783333,12.31787833,16.77353833,24.65654833,30.81065833
10124,Session17,ETH-1,4.969141667,11.80697667,16.19454333,23.477195,18.81654833
10125,Session17,ETH-4,-7.049653333,-4.926936667,-12.45283333,-9.865366667,-15.675995
10126,Session17,ETH-2,-6.941996667,-4.782861667,-12.436315,-9.672415,-29.10071833
10127,Session17,ETH-4,-7.058141667,-4.932918333,-12.48591333,-9.818541667,-17.19943667
10128,Session17,ETH-3,4.71038,12.31116333,16.81553667,24.608375,18.59715833
10129,Session17,ETH-1,4.973971667,11.83089167,16.19155,23.63710167,21.31777333
10130,Session17,ETH-2,-6.9384,-4.783513333,-12.42815167,-9.63423,-15.09791333
10131,Session17,IAEA-C1,5.370213333,11.73665833,16.63243167,23.460745,22.94570833
10132,Session17,UWCP14_70C_CA_4,2.394736667,-5.731433333,-3.514561667,-11.41815167,-11.97799833
10133,Session17,UWCP14_50C_2,-14.636625,-2.355358333,-17.67869667,-4.716626667,-23.47896667
10134,Session17,UWCP14_80C_2,-3.30626,-6.747833333,-10.38918,-13.41054833,-21.19374667
10135,Session17,ETH-1,4.964838333,11.82409833,16.20613167,23.5655,27.20024
10136,Session17,ETH-3,4.723628333,12.39138833,16.88363,24.89102,25.10927333
10137,Session17,UWCP14_70C_4,-14.0251,-5.128111667,-19.77415667,-10.189315,-16.98997667
10138,Session17,UWCP14_50C_CA_11,-14.68368333,-2.05016,-17.436685,-4.035188333,-15.065945
10139,Session17,UWCP14_50C_7,2.333313333,-3.653308333,-1.499806667,-7.378483333,-3.910993333
10140,Session17,ETH-2,-6.938693333,-4.814248333,-12.44096667,-9.686396667,-12.90588
10141,Session17,ETH-4,-7.068226667,-4.967355,-12.50474,-9.856458333,-12.51103667
10142,Session17,UWCP14_20C_9,-16.97078167,2.84028,-14.99358333,5.776015,-12.524295
10143,Session17,UWCP14_4C_4,-19.07381,7.069616667,-13.01335,14.08144333,-2.566703333
10144,Session17,JOHN_HT_25C,4.971271667,7.536735,12.35796667,15.140475,21.007365
10145,Session17,ETH-3,4.694231667,12.33845167,16.834275,24.716715,31.42955667
10146,Session17,ETH-2,-6.940138333,-4.807755,-12.44130833,-9.691586667,-14.26433
10147,Session17,JOHN_HT_80C,3.688068333,-1.145811667,2.342938333,-2.248523333,5.798423333
10148,Session17,BONI_IPGP_100_A3,-40.61971,-2.56804,-44.65285,-5.146768333,-37.95911667
10149,Session17,BONI_IPGP_80_1,-3.860935,-1.366221667,-5.625258333,-2.723168333,8.106221667
10150,Session17,ETH-4,-7.06109,-4.90215,-12.39072,-9.725185,-5.06843
10151,Session17,ETH-1,4.96633,11.86197333,16.216085,23.661275,23.67476667
10152,Session17,BONI_IPGP_350_A9,-49.96272667,-17.17610167,-68.07447667,-33.99235333,-70.06663833
10153,Session17,KELE_TURA,5.7157,-9.482438333,-3.879921667,-18.86153667,-10.16454333
10154,Session17,UWCP14_8C_CA_4,-13.45801333,5.811856667,-8.416618333,11.55267,-2.87924
10155,Session17,ETH-4,-7.0627,-4.896325,-12.43298333,-9.751811667,-19.98460333
10156,Session17,ETH-3,4.715333333,12.46569667,16.98963,25.16088,27.1087
10157,Session17,UWCP14_8C_6,3.2166,5.11541,8.20581,10.21623,8.930226667
10158,Session17,UWCP14_80C_2,-3.282743333,-6.713386667,-10.28439833,-13.315805,-9.464388333
10159,Session17,UWCP14_50C_2,-14.631875,-2.385915,-17.702355,-4.808931667,-23.94764667
10160,Session17,ETH-1,4.970966667,11.895795,16.239165,23.690065,24.098455
10161,Session17,ETH-2,-6.937481667,-4.742775,-12.3846,-9.474575,-12.53082167
10162,Session17,KELE_BUK_4,4.646798333,-1.137511667,3.411823333,-2.175308333,9.979833333
10163,Session17,KELE_SARTEANO,3.27755,6.64009,9.684331667,13.36876667,15.67476
10164,Session17,KELE_CANARIAN,2.906181667,3.551875,6.266236667,7.157805,8.31922
10165,Session17,MERCK,-36.74886,-1.734876667,-39.84793833,-3.4805,-44.81957
10166,Session17,IAEA-C2,-4.698223333,4.885996667,-0.274926667,9.776396667,-3.381941667
10167,Session17,ETH-3,4.684028333,12.38900333,16.89862167,24.84962167,30.62608167
10168,Session17,ETH-1,4.973108333,11.87489333,16.25751333,23.71254667,26.91041333
10169,Session17,JOHN_HT_25C,4.862466667,7.63514,12.33491167,15.28895333,17.39182167
10170,Session17,JOHN_HT_80C,3.684735,-1.110993333,2.389581667,-2.264895,3.55769
10171,Session17,ETH-2,-6.934471667,-4.76859,-12.40868,-9.599996667,-13.57921333
10172,Session17,ETH-4,-7.058188333,-4.89678,-12.40965,-9.654705,-15.308715
10173,Session18,ETH-3,4.68329,12.29422333,16.762475,24.76123833,26.75395833
10174,Session18,ETH-4,-7.059555,-4.998388333,-12.529135,-9.909815,-13.42891667
10175,Session18,ETH-1,4.972958333,11.80714667,16.162465,23.51172833,24.67128333
10176,Session18,ETH-2,-6.938888333,-4.841985,-12.50272833,-9.720493333,-15.15656667
10177,Session18,IAEA-C1,5.359661667,11.69309667,16.54663167,23.25844333,23.32590667
10178,Session18,UWCP14_20C_9,-16.95767333,2.872195,-14.93235333,5.738433333,-8.042196667
10179,Session18,UWCP14_50C_CA_11,-14.6816,-2.071801667,-17.44857333,-4.145598333,-13.15148167
10180,Session18,UWCP14_4C_3,-17.05711333,7.06739,-10.92893833,14.20645333,1.715033333
10181,Session18,ETH-2,-6.965045,-4.850283333,-12.49119833,-9.72858,-10.37881
10182,Session18,ETH-3,4.698516667,12.31433,16.81223167,24.81530667,33.09285167
10183,Session18,BONI_IPGP_80_1,-3.83811,-1.391388333,-5.630565,-2.735941667,0.012205
10184,Session18,KELE_CANARIAN,2.883633333,3.488433333,6.154263333,6.904115,9.2806
10185,Session18,KELE_LAPIGNA,-7.679466667,8.366816667,0.02253,16.65398167,6.9033
10186,Session18,ETH-1,4.963633333,11.78775,16.15864333,23.48711333,18.49296
10187,Session18,ETH-4,-7.059375,-4.974956667,-12.51604333,-9.978386667,-15.758715
10188,Session18,KELE_SARTEANO,3.254165,6.583943333,9.588981667,13.24929667,11.27774333
10189,Session18,KELE_P5_WINTER,7.518006667,1.147681667,8.702583333,2.326911667,18.40159167
10190,Session18,KELE_P5_SUMMER,7.753493333,-0.397848333,7.357203333,-0.707756667,8.332135
10191,Session18,ETH-1,4.975673333,11.78130333,16.15291333,23.56742,27.525105
10192,Session18,ETH-2,-6.942346667,-4.844396667,-12.48262167,-9.680188333,-15.90315
10193,Session18,IAEA-C2,-5.033158333,3.822175,-1.634841667,7.792241667,17.78994667
10196,Session19,ETH-3,4.68416,12.31493667,16.77198667,24.80746,33.70704333
10197,Session19,ETH-4,-7.062411667,-4.959231667,-12.49949667,-9.763066667,-3.884958333
10198,Session19,IAEA-C2,-4.682823333,4.83914,-0.28475,9.753901667,8.296653333
10199,Session19,UWCP14_50C_CA_11,-14.6795,-2.076608333,-17.48334833,-4.142126667,-17.29381333
10200,Session19,UWCP14_50C_2,-14.65372,-2.360786667,-17.70016833,-4.684183333,-21.60916333
10201,Session19,UWCP14_8C_CA_4,-13.35382167,5.672578333,-8.47841,11.42285,-0.328203333
10202,Session19,ETH-1,4.951616667,11.80816,16.17896667,23.62141667,34.984915
10203,Session19,ETH-3,4.679101667,12.298525,16.750405,24.73795167,38.07642667
10204,Session19,UWCP14_50C_7,2.342515,-3.70199,-1.525538333,-7.379035,-0.208156667
10205,Session19,UWCP14_70C_4,-14.14469333,-5.131298333,-19.89631167,-10.277295,-24.71230667
10206,Session19,UWCP14_70C_CA_4,2.267263333,-5.777816667,-3.669268333,-11.49023667,0.190993333
10207,Session19,ETH-4,-7.069276667,-4.991351667,-12.52019,-9.893998333,-7.621251667
10208,Session19,ETH-2,-6.965848333,-4.859971667,-12.52317,-9.6156,-4.042573333
10209,Session19,UWCP14_20C_9,-16.98475667,2.812555,-15.015215,5.675788333,-5.940808333
10210,Session19,UWCP14_80C_2,-9.211348333,-6.580036667,-16.23688667,-12.97124,-4.531026667
10211,Session19,UWCP14_21C_1,-14.62628667,2.779003333,-12.61113,5.607158333,-4.254078333
10212,Session19,ETH-4,-7.072033333,-4.968806667,-12.481155,-9.796396667,-7.501301667
10213,Session19,ETH-1,4.950815,11.77441333,16.11792667,23.43748167,24.88022
10214,Session19,UWCP14_4C_4,-19.07125,7.018843333,-13.08397667,14.08394667,-3.269336667
10215,Session19,UWCP14_80C_2,-3.327806667,-6.795446667,-10.45341333,-13.560385,-7.379105
10216,Session19,UWCP14_4C_3,-17.034125,7.071095,-10.94629,14.13149,5.81845
10217,Session19,ETH-3,4.686363333,12.351575,16.79853167,24.70580167,28.233905
10218,Session19,ETH-2,-6.961678333,-4.847508333,-12.48014667,-9.661571667,-5.619706667
10219,Session19,UWCP14_8C_6,3.199258333,5.055493333,8.07936,10.13268167,17.53634333
10220,Session19,UWCP14_20C_CA_11,-10.35816,2.976965,-8.002845,5.95838,-0.225968333
10221,Session19,UWCP14_8C_2,-11.30733333,5.9204,-6.09907,11.82859,-0.139613333
10222,Session19,ETH-1,4.955925,11.84591167,16.17971,23.63438667,27.75382667
10223,Session19,ETH-3,4.685615,12.38787667,16.86887667,24.913065,35.56181
10224,Session19,UWCP14_8C_2,-11.310155,5.978251667,-6.062448333,11.93836,4.221461667
10225,Session19,JOHN_HT_80C,3.665285,-1.124308333,2.310453333,-2.24934,-3.570348333
10226,Session19,JOHN_HT_25C,4.904736667,7.557756667,12.31125167,15.25699167,20.14741667
10227,Session19,ETH-4,-7.058088333,-4.90895,-12.45334667,-9.81739,-11.23873
10228,Session19,ETH-2,-6.962195,-4.800098333,-12.45825667,-9.646665,-12.45110833
10229,Session19,BONI_IPGP_350_A9,-50.00836333,-17.23630333,-68.18325167,-34.071395,-78.961315
10230,Session19,KELE_TURA,5.775163333,-9.480118333,-3.840388333,-18.88288667,-6.986256667
10231,Session19,KELE_BUK_4,4.738223333,-1.132636667,3.459051667,-2.236103333,1.518588333
10232,Session19,ETH-3,4.699696667,12.39299333,16.89542167,24.94988833,30.70646
10233,Session19,MERCK,-36.77808167,-1.811085,-39.946115,-3.550106667,-36.065905
10234,Session19,ETH-1,4.92747,11.78792667,16.15548833,23.58510167,29.70025167
10235,Session19,KELE_SARTEANO,3.256986667,6.622621667,9.667861667,13.32935833,16.99631667
10236,Session19,KELE_SZAL,-6.738178333,5.571571667,-1.67626,11.24194,9.850621667
10237,Session19,BONI_IPGP_100_A3,-40.93377667,-2.61583,-45.07856667,-5.22648,-46.30141
10238,Session19,ETH-4,-7.09431,-4.938901667,-12.52017667,-9.735263333,-13.84312667
10239,Session19,ETH-3,4.682633333,12.35469333,16.81060667,24.75831167,35.03754333
10240,Session19,IAEA-C1,5.355305,11.75615333,16.61728667,23.43529333,19.6988
10241,Session19,BONI_IPGP_80_1,-3.850825,-1.44557,-5.722756667,-2.855435,2.055403333
10242,Session19,ETH-2,-6.968898333,-4.81151,-12.50008667,-9.68456,-21.06706667
10243,Session19,ETH-1,4.945525,11.80549833,16.126025,23.495005,19.24810667
10245,Session20,ETH-3,4.680891667,12.28003,16.76621333,24.74740667,34.09713833
10246,Session20,ETH-1,4.973421667,11.82915667,16.21841167,23.496555,18.59101833
10247,Session20,ETH-2,-6.950198333,-4.837405,-12.52802833,-9.751383333,-16.28251667
10248,Session20,IAEA-C1,5.34925,11.67416,16.56312333,23.37115833,32.56464833
10249,Session20,KELE_GAWATUPA,-0.89857,8.538528333,7.25945,17.26055667,15.75966333
10250,Session20,KELE_AQUA_BORRA,5.538863333,6.26012,11.67760833,12.60820333,24.818305
10251,Session20,KELE_IGAL,3.246666667,0.273543333,3.250141667,0.477375,-2.21697
10252,Session20,ETH-3,4.666371667,12.24403167,16.68279333,24.49752,21.07114167
10253,Session20,ETH-4,-7.063603333,-4.962716667,-12.50432833,-9.823218333,-19.37106333
10254,Session20,KELE_LAPIGNA,-7.675843333,8.33566,0.019218333,16.77947,8.757523333
10255,Session20,UWCP14_60C_2,-9.18645,-4.44833,-14.134035,-8.860346667,-15.82585
10256,Session20,UWCP14_50C_CA_11,-14.70398167,-2.042671667,-17.412995,-4.055515,-16.75731833
10257,Session20,UWCP14_70C_4,-14.05650333,-5.183766667,-19.835705,-10.37797,-26.67356667
10258,Session20,ETH-2,-6.943881667,-4.818368333,-12.460915,-9.62643,-18.4096
10259,Session20,ETH-1,4.95783,11.80486333,16.178885,23.47471,24.05130667
10260,Session20,KELE_AQUA_BORRA,5.551345,6.267948333,11.691405,12.64560333,16.13913667
10261,Session20,KELE_GAWATUPA,-0.84935,8.515505,7.288773333,17.12262667,12.08210333
10262,Session20,KELE_IGAL,3.251105,0.279303333,3.292296667,0.50266,-2.754228333
10263,Session20,ETH-2,-6.94395,-4.793411667,-12.44094333,-9.652663333,-23.240535
10264,Session20,ETH-3,4.708083333,12.35986167,16.86549167,24.75386667,18.73570833
10265,Session20,KELE_P5_SUMMER,7.744721667,-0.387688333,7.425121667,-0.688475,13.60815667
10266,Session20,KELE_P5_WINTER,7.52943,1.134128333,8.699248333,2.243868333,4.294963333
10267,Session20,KELE_LAPIGNA,-7.665495,8.356728333,0.003778333,16.718475,-2.108283333
10268,Session20,ETH-4,-7.063203333,-4.964383333,-12.50426333,-9.876166667,-17.78667
10269,Session20,ETH-1,4.96644,11.81209833,16.21709167,23.62891,32.82862833
10270,Session20,UWCP14_60C_2,-9.178071667,-4.397138333,-14.07804,-8.686386667,-19.81731
10271,Session20,UWCP14_50C_CA_11,-14.69875333,-2.011263333,-17.39691,-4.082258333,-24.91227333
10272,Session20,UWCP14_70C_4,-14.14324,-5.074436667,-19.84871167,-10.13585667,-24.00272167
10273,Session20,ETH-4,-7.068918333,-4.929251667,-12.49735167,-9.99091,-28.82066
10274,Session20,ETH-2,-6.95573,-4.772303333,-12.44607333,-9.570135,-21.44797667
10275,Session20,MERCK,-36.75244333,-1.785493333,-39.88669667,-3.543026667,-36.54851333
10276,Session20,IAEA-C2,-4.695096667,4.917973333,-0.23584,9.840293333,1.149946667
10277,Session20,UWCP14_60C_2,-9.224368333,-4.406465,-14.14229833,-8.75481,-23.906325
10278,Session20,UWCP14_70C_4,-14.13773667,-5.10887,-19.84144333,-10.12737667,-27.68687
10279,Session20,UWCP14_50C_CA_11,-14.69257333,-2.011201667,-17.39462167,-4.00842,-14.24445167
10280,Session20,ETH-3,4.68307,12.36241667,16.790635,24.92881333,22.61440333
10281,Session20,ETH-1,4.971751667,11.86111833,16.267745,23.66993167,14.31828
10284,Session21,ETH-3,4.7011,12.3573,16.82940333,24.84796667,19.229755
10285,Session21,ETH-4,-7.047975,-4.92124,-12.48972333,-9.954485,-28.08693167
10286,Session21,UWCP14_8C_6,3.205778333,5.054671667,8.127126667,10.07873667,6.263146667
10287,Session21,KELE_P5_SUMMER,7.781743333,-0.379401667,7.443408333,-0.811495,-3.018495
10288,Session21,KELE_TURA,5.76924,-9.519966667,-3.897511667,-18.919975,-15.81532833
10289,Session21,ETH-1,4.970138333,11.78468333,16.10677833,23.55808833,15.773345
10290,Session21,ETH-2,-6.949631667,-4.828078333,-12.46962667,-9.704731667,-19.47275833
10292,Session22,ETH-3,4.671455,12.35737167,16.83014,24.751325,21.61344333
10293,Session22,ETH-1,4.970593333,11.84638,16.17966167,23.43541,18.58317667
10294,Session22,ETH-4,-7.056758333,-4.940051667,-12.49821167,-9.861778333,-20.08971333
10295,Session22,IAEA-C1,5.358588333,11.71290167,16.56428167,23.37083,14.16064
10296,Session22,UWCP14_21C_1,-14.616345,2.821146667,-12.59381667,5.609875,-17.01235667
10297,Session22,UWCP14_4C_4,-19.07413333,7.038326667,-13.08469,14.06276167,-12.51086
10298,Session22,UWCP14_50C_2,-14.643325,-2.38489,-17.72252333,-4.871925,-24.726575
10299,Session22,ETH-3,4.686218333,12.34702667,16.78008833,24.707705,11.19467
10300,Session22,ETH-2,-6.969585,-4.836403333,-12.484955,-9.75697,-25.73032333
10301,Session22,UWCP14_80C_2,-3.2902,-6.790031667,-10.40013333,-13.63608833,-22.83950667
10302,Session22,UWCP14_8C_6,3.204723333,5.02013,8.060033333,9.992841667,-3.294848333
10303,Session22,UWCP14_8C_CA_4,-13.41634667,5.763183333,-8.446831667,11.526615,-10.48554667
10304,Session22,ETH-4,-7.06876,-4.94134,-12.52148667,-9.994886667,-31.09789833
10305,Session22,ETH-1,4.962596667,11.81641,16.13706333,23.39894333,9.821893333
10306,Session22,BONI_IPGP_100_A3,-40.86599667,-2.654086667,-45.0615,-5.452178333,-50.42532333
10307,Session22,BONI_IPGP_350_A9,-50.01569833,-17.250905,-68.2342,-34.1276,-86.87938333
10308,Session22,BONI_IPGP_80_1,-3.888785,-1.48906,-5.806736667,-3.04628,-13.52407167
10309,Session22,ETH-2,-6.965038333,-4.859058333,-12.532955,-9.816688333,-23.56645333
10310,Session22,ETH-4,-7.069988333,-4.965743333,-12.54084,-10.05774,-26.313425
10311,Session22,KELE_AQUA_BORRA,5.556566667,6.281975,11.684735,12.60345,6.032895
10312,Session22,KELE_CANARIAN,2.877553333,3.50338,6.143958333,6.910883333,-10.26239667
10313,Session22,KELE_IGAL,3.250473333,0.28346,3.258626667,0.470528333,-6.93463
10314,Session22,ETH-3,4.694755,12.35505,16.82955667,24.77401667,13.02429
10315,Session22,ETH-1,4.977545,11.84019,16.17711167,23.53192833,12.18449667
10316,Session22,KELE_LAPIGNA,-7.686578333,8.397435,0.013715,16.73361167,-10.38170167
10317,Session22,KELE_P5_SUMMER,7.77631,-0.316635,7.458768333,-0.73157,-3.530958333
10318,Session22,KELE_P5_WINTER,7.516416667,1.188611667,8.690171667,2.242458333,-8.166356667
10319,Session22,ETH-2,-6.944958333,-4.786615,-12.48455,-9.777478333,-33.92024833
10320,Session22,ETH-3,4.710023333,12.405515,16.87488333,24.86377333,8.330383333
10321,Session22,KELE_TURA,5.764803333,-9.302405,-3.699918333,-18.55259833,-18.70005167
10322,Session22,UWCP14_60C_2,-9.162585,-4.41333,-14.10395167,-8.900451667,-26.39293
10323,Session22,UWCP14_50C_7,2.343721667,-3.643866667,-1.516158333,-7.348066667,-14.96912833
10324,Session22,ETH-4,-7.054133333,-4.914583333,-12.45449833,-9.756216667,-21.82490167
10325,Session22,ETH-1,4.978285,11.89008333,16.19429833,23.65862333,4.893978333
10326,Session22,MERCK,-36.76042667,-1.797495,-39.948455,-3.707796667,-53.12823
10327,Session22,UWCP14_20C_9,-16.99362833,2.889913333,-14.97794,5.664306667,-21.62168333
10328,Session22,JOHN_HT_25C,4.872493333,7.595873333,12.28346833,15.07491833,4.143205
10329,Session22,JOHN_HT_80C,3.669383333,-1.126565,2.308118333,-2.360368333,-11.87737167
10338,Session24,ETH-1,4.959331667,11.767355,16.10579833,23.47611167,19.39969167
10339,Session24,ETH-2,-6.955381667,-4.845361667,-12.51915167,-9.77689,-13.75847333
10340,Session24,ETH-3,4.712758333,12.365095,16.804435,24.6975,19.33991833
10341,Session24,ETH-4,-7.062533333,-4.963511667,-12.51187333,-9.884508333,-17.21547167
10342,Session24,ETH-2,-6.953576667,-4.820065,-12.51719667,-9.742226667,-22.57647667
10343,Session24,ETH-1,4.973938333,11.850475,16.19558833,23.55986333,21.24727333
10344,Session24,ETH-4,-7.056558333,-4.958233333,-12.51495833,-9.895621667,-24.83506667
10345,Session24,ETH-3,4.685005,12.32368667,16.80011,24.74672333,29.06609333
10346,Session24,IAEA-C2,-4.674325,4.904138333,-0.254793333,9.801708333,-1.058185
10347,Session24,KELE_BUK_4,4.66902,-1.244113333,3.259266667,-2.483933333,-1.314403333
10348,Session24,KELE_IGAL,3.240333333,0.250808333,3.199038333,0.33957,0.748901667
10349,Session24,KELE_NG_2,5.678785,-10.71650333,-5.102608333,-21.32450667,-20.941775
10350,Session24,ETH-2,-6.95184,-4.869215,-12.54969667,-9.8263,-18.29385667
10351,Session24,ETH-4,-7.064778333,-4.967341667,-12.58145,-9.993746667,-24.61751667
10352,Session24,UWCP14_20C_CA_11,-10.38077,2.931751667,-8.104991667,5.878386667,-11.32665167
10353,Session24,UWCP14_4C_3,-17.10194833,7.111286667,-10.987175,14.09705,-13.03303167
10354,Session24,KELE_AQUA_BORRA,5.51154,6.238365,11.58644167,12.302005,13.07661833
10355,Session24,ETH-1,4.960556667,11.81137167,16.15124833,23.56013833,19.105855
10356,Session24,ETH-3,4.668063333,12.32089167,16.71346333,24.64142333,17.17038667
10357,Session24,KELE_CANARIAN,2.88295,3.49427,6.161085,6.977633333,5.035185
10358,Session24,KELE_GAWATUPA,-0.913955,8.50939,7.197118333,16.98451,5.261028333
10359,Session24,KELE_IGAL,3.237075,0.250023333,3.216533333,0.39764,-1.625155
10360,Session24,ETH-2,-6.953603333,-4.85932,-12.538345,-9.77526,-22.25096833
10361,Session24,ETH-1,4.952648333,11.76228667,16.06965,23.43134833,17.23731167
10362,Session24,KELE_P5_WINTER,7.51967,1.130493333,8.656898333,2.186555,3.261301667
10363,Session24,KELE_SARTEANO,3.251665,6.596841667,9.624365,13.13158167,9.706938333
10364,Session24,UWCP14_20C_9,-16.98195,2.88263,-15.00631667,5.62809,-22.92770833
10365,Session24,ETH-4,-7.070298333,-4.917886667,-12.48121333,-9.902956667,-21.29896667
10366,Session24,ETH-3,4.71662,12.40172667,16.85428,24.71963833,10.58392167
10367,Session24,UWCP14_20C_CA_11,-10.51956833,3.021595,-8.169981667,5.942863333,-18.38776667
10368,Session24,UWCP14_21C_1,-14.62504,2.885698333,-12.54161833,5.642396667,-15.48055
10369,Session24,UWCP14_4C_3,-17.11257667,7.151068333,-10.94167167,14.15980333,-5.022831667
10370,Session24,ETH-4,-7.078113333,-4.930958333,-12.51025167,-9.938328333,-25.49153167
10371,Session24,ETH-2,-6.96775,-4.792258333,-12.47614333,-9.678283333,-21.60773333
10372,Session24,UWCP14_50C_2,-14.66096667,-2.327216667,-17.686675,-4.710793333,-29.20829333
10373,Session24,UWCP14_60C_2,-9.136875,-4.465318333,-14.13775,-8.989938333,-25.80929333
10374,Session24,RHINO_DENTIN,-10.74321667,11.82725333,0.1328,23.99215167,12.02898667
10375,Session24,MERCK,-36.78343667,-1.79482,-39.99209333,-3.62302,-48.92010667
10376,Session24,ETH-1,4.938153333,11.86682333,16.18404667,23.64831667,16.37425333
10377,Session24,ETH-3,4.69334,12.416475,16.82964167,24.83487,11.17478167
10380,Session25,ETH-3,4.695836667,12.302365,16.73912667,24.58532167,20.52129167
10381,Session25,ETH-4,-7.070436667,-5.004321667,-12.56987,-10.04449333,-22.32448
10385,Session26,ETH-3,4.699621667,12.30635167,16.743345,24.581245,17.92556
10386,Session26,KELE_GAWATUPA,-0.898456667,8.465286667,7.125185,16.91925667,6.137348333
10387,Session26,UWCP14_50C_7,2.336771667,-3.733475,-1.607893333,-7.488708333,-12.86835167
10388,Session26,UWCP14_70C_CA_4,2.348008333,-5.82451,-3.678415,-11.65468667,-8.286591667
10389,Session26,ETH-2,-6.956121667,-4.896473333,-12.58016,-9.876395,-25.50132167
10390,Session26,ETH-1,4.945035,11.72345833,16.03403167,23.39417667,13.75935167
10391,Session26,UWCP14_8C_2,-11.30232833,5.86139,-6.20272,11.62030167,-11.56119667
10392,Session26,KELE_SZAL,-6.816931667,5.498695,-1.88464,10.86956667,-4.517265
10393,Session26,KELE_NG_2,5.606228333,-10.75892167,-5.205846667,-21.36316833,-22.30534833
10394,Session26,ETH-3,4.699153333,12.39787667,16.82978333,24.73753833,21.99375333
10395,Session26,ETH-1,4.970721667,11.80121333,16.147755,23.48455667,19.18909167
10396,Session26,BONI_IPGP_350_A9,-50.004895,-17.28351833,-68.26366,-34.2356,-82.97522167
10397,Session26,KELE_P5_SUMMER,7.731438333,-0.429876667,7.32763,-0.839225,-3.824565
10398,Session26,UWCP14_50C_2,-14.674045,-2.409595,-17.80777167,-4.940588333,-29.030395
10399,Session26,ETH-4,-7.078928333,-5.00739,-12.58815667,-9.991328333,-29.29891333
10400,Session26,ETH-2,-6.957625,-4.856898333,-12.55659167,-9.776228333,-23.497455
10401,Session26,UWCP14_50C_CA_11,-14.69414,-2.093718333,-17.51062167,-4.282768333,-26.39069167
10402,Session26,UWCP14_60C_2,-9.226155,-4.463848333,-14.21888333,-9.03311,-29.44266
10403,Session26,IAEA-C2,-4.690483333,4.854445,-0.28922,9.656783333,-7.084878333
10404,Session26,ETH-3,4.68333,12.37760167,16.80650167,24.788645,18.73091667
10405,Session26,ETH-2,-6.959178333,-4.831015,-12.52176667,-9.733515,-27.91913333
10406,Session26,BONI_IPGP_350_A9,-50.00545167,-17.21502833,-68.19994667,-34.198985,-91.69517667
10407,Session26,KELE_NG_2,5.624218333,-10.73795,-5.155146667,-21.35774333,-20.892325
10408,Session26,KELE_SZAL,-6.786068333,5.55238,-1.790053333,11.10556833,-1.302366667
10409,Session26,ETH-4,-7.075103333,-4.968775,-12.54283,-9.949086667,-22.86375167
10410,Session26,ETH-1,4.955955,11.83216333,16.13942333,23.52495833,20.88596167
10411,Session26,UWCP14_80C_2,-3.316078333,-6.76889,-10.43549,-13.484485,-24.08768
10412,Session26,UWCP14_8C_6,3.208896667,5.054223333,8.070906667,10.070555,-1.106763333
10413,Session26,KELE_AQUA_BORRA,5.515746667,6.207081667,11.60982167,12.43684333,21.29837167
10414,Session27,ETH-3,4.693958333,12.15960667,16.60311,24.35011333,27.92971667
10415,Session27,ETH-2,-6.95995,-4.901496667,-12.60159167,-9.887618333,-16.28202
10416,Session27,EC_IB_3,-1.92218,7.137476667,4.693315,14.29032,4.880256667
10417,Session27,KELE_NG_2,5.559731667,-10.78783667,-5.281743333,-21.524935,-19.05458333
10418,Session27,KELE_SZAL,-6.803386667,5.481913333,-1.910596667,10.94648,-3.744886667
10419,Session27,ETH-2,-6.966738333,-4.874803333,-12.55464667,-9.871435,-14.599935
10420,Session27,ETH-4,-7.083961667,-5.023481667,-12.64580167,-10.09864333,-21.493345
10421,Session27,ETH-3,4.687045,12.28854,16.67615167,24.54034333,17.68665167
10422,Session27,ETH-1,4.952688333,11.78440667,16.06035833,23.41802667,11.64574
10423,Session27,ETH-4,-7.081595,-5.017993333,-12.58371833,-10.11208833,-25.93448833
10424,Session27,ETH-2,-6.981951667,-4.882926667,-12.58508333,-9.864675,-19.303975
10425,Session27,ETH-1,4.937115,11.72895833,16.04126833,23.37471167,22.42640833
10426,Session27,ETH-3,4.684471667,12.29223833,16.70108667,24.54515333,19.98553
10427,Session27,ETH-2,-6.967415,-4.879806667,-12.59873667,-9.859208333,-21.99511167
10428,Session27,ETH-4,-7.080556667,-5.032413333,-12.613695,-10.02039833,-23.36820667
10429,Session27,ETH-1,4.948798333,11.76896,16.071925,23.49161167,20.32137667
11019,Session28,ETH-3,4.65908,12.22615333,16.64167333,24.47486333,37.29093667
11020,Session28,ETH-2,-6.970846667,-4.91533,-12.58900333,-9.896256667,-3.934475
11021,Session28,ETH-4,-7.093581667,-5.07387,-12.68956167,-10.26944667,-15.76443167
11022,Session28,MERCK,-36.78105167,-1.95734,-40.13567333,-3.999838333,-43.164965
11023,Session28,KELE_NG_2,5.555505,-10.82143833,-5.326023333,-21.561735,-13.19509667
11024,Session28,KELE_SZAL,-6.834038333,5.348831667,-2.03737,10.678765,-1.283681667
11025,Session28,BONI_IPGP_250,-47.39820333,-13.40244667,-61.96493,-26.74254,-73.12975167
11026,Session28,ETH-3,4.627133333,12.26220667,16.62339333,24.55984667,27.74752833
11027,Session28,ETH-2,-6.99033,-4.981228333,-12.71235167,-10.17395333,-27.40910167
11028,Session28,UWCP14_70C_4,-14.015525,-5.253633333,-19.89574167,-10.614995,-27.97719
11029,Session28,BONI_IPGP_250,-47.31104167,-13.28518333,-61.76385167,-26.52726333,-68.372605
11030,Session28,KELE_SZAL,-6.831046667,5.443245,-1.945598333,10.85583,3.36655
11031,Session28,ETH-1,4.932383333,11.71451333,15.94174167,23.16331333,21.11545667
11032,Session28,ETH-4,-7.081761667,-5.071413333,-12.65966,-10.21178333,-22.65927833
11033,Session28,KELE_NG_2,5.867633333,-10.7536,-4.957675,-21.46134167,-18.25020167
11034,Session28,BONI_IPGP_250,-47.28475667,-13.29133333,-61.70452,-26.4198,-70.96438167
11035,Session28,UWCP14_70C_4,-14.09583333,-5.18865,-19.92357333,-10.37479333,-25.52888333
11036,Session28,ETH-3,4.658718333,12.215665,16.61986833,24.37363333,19.84805333
11037,Session28,ETH-4,-7.10554,-5.11801,-12.74724167,-10.362345,-20.244315
11038,Session28,BONI_IPGP_80_1,-3.862331667,-1.47979,-5.795933333,-3.088338333,-11.86284
11039,Session28,BONI_IPGP_100_A3,-40.74134,-2.667363333,-44.95256667,-5.393343333,-49.37609
11040,Session28,BONI_IPGP_250,-47.38556167,-13.35703667,-61.89235833,-26.57719833,-75.16691
11041,Session28,ETH-2,-6.993911667,-4.924453333,-12.66265833,-10.06342167,-22.20670833
11042,Session28,ETH-1,4.924308333,11.70937167,16.02802,23.31349,16.950135
11043,Session28,BONI_IPGP_250,-47.34677333,-13.28759667,-61.81475,-26.452105,-78.61375833
11044,Session28,KELE_CANARIAN,2.842201667,3.456746667,6.043245,6.860328333,0.469218333
11045,Session28,IAEA-C2,-4.700011667,4.794461667,-0.388136667,9.559988333,-5.492695
11046,Session28,ETH-2,-6.985273333,-4.898426667,-12.62666,-10.050825,-24.82595333
11047,Session28,ETH-4,-7.082988333,-5.020348333,-12.62617,-10.09284333,-22.274775
11048,Session28,KELE_LAPIGNA,-7.725568333,8.292991667,-0.13204,16.51137833,-5.396301667
11049,Session28,KELE_P5_SUMMER,7.772095,-0.429945,7.378285,-0.899061667,2.972128333
11050,Session28,BONI_IPGP_250,-47.35059167,-13.32697667,-61.82788167,-26.51805833,-78.45372333
11051,Session28,ETH-1,4.923945,11.84394,16.12358833,23.63183667,17.41031667
11052,Session28,ETH-3,4.672091667,12.35295167,16.72697833,24.71416,21.23738667
11053,Session28,KELE_AQUA_BORRA,5.556828333,6.258641667,11.60533667,12.44183167,7.938866667
11054,Session28,KELE_IGAL,3.229718333,0.242085,3.203258333,0.380531667,-5.963563333
11055,Session28,BONI_IPGP_250,-47.332845,-13.293695,-61.813525,-26.574595,-82.59625167
11056,Session28,ETH-2,-6.999321667,-4.876656667,-12.61347333,-9.882055,-24.84898833
11057,Session28,ETH-1,4.939336667,11.760255,16.04229333,23.37913333,17.46332667
11058,Session28,KELE_TURA,5.707546667,-9.619155,-4.071868333,-19.24439333,-13.25927667
11059,Session28,UWCP14_4C_4,-19.06077833,6.964831667,-13.15954833,13.83689333,-11.45460167
11060,Session28,UWCP14_50C_7,2.324713333,-3.708945,-1.603078333,-7.454015,-17.21290167
11061,Session28,ETH-4,-7.080268333,-5.020018333,-12.61606,-10.06738333,-20.39876333
11062,Session28,ETH-3,4.662208333,12.25902,16.63811333,24.54378167,21.42047
11063,Session28,BONI_IPGP_250,-47.37819333,-13.32374,-61.85069,-26.65518333,-76.91879667
11064,Session28,IAEA-C1,5.314145,11.664725,16.42381,23.28619167,16.65868
11065,Session28,UWCP14_8C_2,-11.30904,5.887141667,-6.180578333,11.75554,-0.004055
11066,Session28,ETH-3,4.663186667,12.31339333,16.69509167,24.615505,26.20970833
11067,Session28,ETH-1,4.9486,11.80324167,16.02892667,23.39577167,31.58907667
11068,Session29,ETH-3,4.666441667,12.17821667,16.6155,24.49611,25.097635
11069,Session29,ETH-1,4.969658333,11.77330667,16.11880833,23.48135333,27.16448833
11070,Session29,ETH-4,-7.051648333,-4.995923333,-12.51921,-9.980183333,-14.164
11071,Session29,ETH-2,-6.801658333,-2.754286667,-10.39822833,-1.468255,61.47127833
11072,Session29,IAEA-C2,-4.66984,4.873838333,-0.33944,9.836275,0.393626667
11073,Session29,BONI_IPGP_80_1,-3.838016667,-1.403558333,-5.717678333,-2.673065,-4.381026667
11074,Session29,BONI_IPGP_100_A3,-40.65155833,-2.566131667,-44.77355167,-5.026681667,-44.62468833
11075,Session29,BONI_IPGP_250,-47.35215,-13.31896167,-61.82821667,-26.46543,-70.494535
11076,Session29,ETH-2,-6.94885,-4.635518333,-12.31460333,-9.280371667,-17.81738833
11077,Session29,ETH-3,4.685095,12.38263667,16.781565,24.91572667,30.49452667
11078,Session29,JOHN_HT_25C,4.839921667,7.497158333,12.13510833,15.03065167,13.05506
11079,Session29,JOHN_HT_80C,3.66739,-1.246225,2.142076667,-2.486975,-2.522835
11080,Session29,ETH-4,5.553561667,6.289426667,11.64373167,12.61197833,24.44538
11081,Session29,KELE_AQUA_BORRA,-7.045761667,-4.978403333,-12.524695,-10.00332333,-13.148315
11082,Session29,ETH-1,4.960835,11.76160667,16.05244667,23.40288833,30.59857167
11083,Session29,UWCP14_8C_CA_4,-13.46799833,5.670558333,-8.62865,11.39886167,-9.428848333
11084,Session29,KELE_TURA,5.687306667,-9.61558,-4.099438333,-19.20318167,-9.846965
11085,Session29,KELE_NG_2,5.608311667,-10.80565167,-5.276063333,-21.460195,-20.01226333
11086,Session29,ETH-4,-7.035526667,-4.887241667,-12.42168833,-9.744253333,-19.520935
11087,Session29,ETH-3,4.70126,12.40040667,16.82547667,24.99051833,28.21928833
11088,Session29,IAEA-C1,5.357851667,11.68601667,16.50679667,23.27932833,28.57355333
11089,Session29,MERCK,-36.727405,-1.853561667,-39.98216833,-3.748378333,-44.25596833
11746,Session30,ETH-3,4.654743333,12.22144167,16.62774,24.33660167,20.531765
11747,Session30,ETH-4,-7.08006,-5.08685,-12.67139833,-10.18573,-20.97953833
11748,Session30,IAEA-C1,5.319701667,11.53082833,16.319315,22.79029333,13.48106833
11749,Session30,KELE_AQUA_BORRA,5.588675,6.208975,11.52465667,12.18283167,2.972226667
11750,Session30,KELE_BUK_4,4.62548,-1.425891667,3.03542,-3.003463333,-2.10397
11751,Session30,KELE_GAWATUPA,-0.884176667,8.30582,7.017738333,16.416515,2.835785
11752,Session30,ETH-3,4.691581667,12.24023167,16.680745,24.38169333,15.693405
11753,Session30,ETH-1,4.948795,11.70045333,15.95211833,23.018445,16.03862667
11754,Session30,KELE_IGAL,3.22492,0.151301667,3.083013333,0.089081667,-10.10071833
11755,Session30,KELE_P5_WINTER,7.496556667,1.000078333,8.467025,1.788828333,-10.87567667
11756,Session30,KELE_IGAL,3.213518333,0.111103333,2.997851667,-0.066133333,-14.488835
11757,Session30,ETH-2,-6.969765,-4.96673,-12.70538167,-10.125005,-24.80875667
11758,Session30,ETH-4,-7.066908333,-5.101398333,-12.66323167,-10.35349333,-29.79617333
11759,Session30,KELE_SARTEANO,3.213543333,6.444281667,9.38137,12.65016333,3.949636667
11760,Session30,UWCP14_20C_9,-16.98988667,2.751501667,-15.13243333,5.262225,-24.92644333
11761,Session30,UWCP14_20C_CA_11,-10.3383,2.825325,-8.173135,5.384388333,-18.229155
11762,Session30,ETH-3,4.644001667,12.17420833,16.509355,24.14837,11.40260833
11763,Session30,ETH-2,-6.983403333,-4.97654,-12.73034667,-10.07645833,-29.421705
11764,Session30,UWCP14_20C_CA_11,-10.4922,2.856958333,-8.307326667,5.52371,-11.45375167
11765,Session30,UWCP14_21C_1,-14.66833,2.664771667,-12.82495833,5.13143,-17.642205
11766,Session30,UWCP14_20C_CA_11,-10.41246833,2.793985,-8.265363333,5.543461667,-12.64920167
11767,Session30,ETH-1,4.936506667,11.7066,15.97612667,23.09207333,14.97460167
11768,Session30,ETH-4,-7.089711667,-5.099436667,-12.71671667,-10.32643833,-27.599065
11769,Session30,UWCP14_4C_3,-17.10252167,7.06079,-11.06393667,13.88413833,-16.42103167
11770,Session30,UWCP14_4C_4,-18.908085,6.887453333,-13.096785,13.4586,-20.30811667
11771,Session30,UWCP14_50C_7,2.307811667,-3.77446,-1.712645,-7.617355,-13.99098333
11772,Session30,ETH-2,-6.986691667,-4.947685,-12.68084167,-10.09702333,-29.05910667
11773,Session30,ETH-1,4.945598333,11.77103333,16.09305167,23.23881167,5.689928333
11774,Session30,UWCP14_60C_2,-9.24473,-4.580345,-14.39160667,-9.187276667,-22.8827
11775,Session30,UWCP14_70C_CA_4,2.234608333,-5.874705,-3.866471667,-11.82804667,-17.96171833
11776,Session30,UWCP14_60C_2,-9.245576667,-4.576978333,-14.38211833,-9.309711667,-28.43748167
11777,Session30,ETH-4,-7.098196667,-5.075285,-12.73644667,-10.25409667,-26.33349167
11778,Session30,ETH-3,4.659765,12.21712333,16.55366333,24.30287,16.64946333
11779,Session30,MERCK,-36.80886,-1.994316667,-40.222555,-4.149715,-49.94935
11780,Session30,UWCP14_8C_2,-11.328675,5.812585,-6.287165,11.38234167,-11.06383667
11781,Session30,BONI_IPGP_80_1,-3.76516,-0.916976667,-5.180471667,-2.045621667,-19.15870833
11784,Session31,ETH-3,4.659618333,12.20377167,16.59787167,24.24737333,13.20669167
11785,Session31,BONI_IPGP_350_A9,-50.04663167,-17.30761833,-68.37122667,-34.33844667,-81.13161667
11786,Session31,KELE_P5_WINTER,7.454665,1.006296667,8.440506667,1.838661667,-2.732078333
11787,Session31,UWCP14_20C_CA_11,-10.434805,2.738041667,-8.384646667,5.254528333,-19.86775667
11788,Session31,ETH-2,-7.009186667,-5.010971667,-12.74749167,-10.15129833,-27.60045167
11789,Session31,ETH-4,-7.105338333,-5.103076667,-12.78148333,-10.38164,-32.88581333
11790,Session31,IAEA-C2,-4.716213333,4.728011667,-0.49629,9.1286,-12.40180833
11791,Session31,KELE_P5_WINTER,7.468886667,1.033033333,8.462863333,1.844006667,-7.406846667
11792,Session31,ETH-1,4.93144,11.70760833,16.01503667,23.04676,8.553425
11793,Session31,ETH-4,-7.098343333,-5.087545,-12.729965,-10.31016167,-27.39492167
11817,Session32,ETH-3,4.661368333,12.16313667,16.53707,24.14105167,14.97241833
11818,Session32,ETH-4,-7.105611667,-5.145853333,-12.784935,-10.30489667,-25.26813333
11819,Session32,IAEA-C1,5.308833333,11.52313667,16.326435,22.75691833,6.50738
11820,Session32,ETH-1-1100-SAM,4.828205,11.53617,15.631705,22.76215667,1.523396667
11821,Session32,ETH-1-1100-SAM,4.863003333,11.62588833,15.77021,22.88317167,8.8168
11822,Session32,ETH-1-1100-SAM,4.841716667,11.57513667,15.709455,22.85236167,9.203568333
11823,Session32,ETH-1,4.932441667,11.68020833,15.94215333,22.91047167,13.33044667
11824,Session32,ETH-4,-7.12098,-5.190626667,-12.84681833,-10.54752,-26.62983167
11825,Session32,ETH-1-1100-SAM,4.866476667,11.639295,15.820905,22.98255833,11.78632667
11826,Session32,ETH-1-1100-SAM,4.853593333,11.59933667,15.74798333,22.90991833,12.79185833
11827,Session32,ETH-1-1100-SAM,4.85187,11.60477667,15.75544167,22.94488333,10.87789833
11828,Session32,ETH-2,-6.992716667,-5.0093,-12.75632167,-10.21675,-27.28348167
11829,Session32,ETH-3,4.659176667,12.18441833,16.56586667,24.22524833,14.55648167
11830,Session32,ETH-1-1100-SAM,4.853578333,11.60604333,15.78038167,22.89787833,18.322125
11831,Session32,ETH-1-1100-SAM,4.868411667,11.633855,15.85743,23.05134667,16.48409167
11832,Session32,ETH-1-1100-SAM,4.867916667,11.64642833,15.80337333,23.00529167,13.41621667
11833,Session32,ETH-2,-6.99712,-5.019818333,-12.79612833,-10.17782833,-28.340105
11834,Session32,ETH-1,4.901878333,11.60007333,15.82202,22.92827,12.34015167
11835,Session32,ETH-1-1100-SAM,4.862551667,11.635985,15.74782833,22.96401167,13.240165
11836,Session32,ETH-2-1100-SAM,-7.01891,-4.873005,-12.68643167,-9.900941667,-22.80520167
11837,Session32,ETH-2-1100-SAM,-7.036925,-4.90441,-12.73003667,-10.00532833,-17.015735
11838,Session32,ETH-4,-7.11384,-5.13657,-12.77337333,-10.39028167,-20.352795
11839,Session32,ETH-3,4.625946667,12.08448833,16.45229333,24.067195,28.89329833
11840,Session32,IAEA-C2,-4.729538333,4.698706667,-0.552261667,9.177121667,-7.210475
11841,Session32,ETH-2-1100-SAM,-7.023105,-4.830601667,-12.64193833,-9.825596667,-25.25288333
11842,Session32,ETH-2-1100-SAM,-7.038095,-4.875576667,-12.65213333,-9.931903333,-23.03498833
11843,Session32,ETH-2-1100-SAM,-7.043415,-4.868271667,-12.71232833,-9.914326667,-25.43154833
11844,Session32,ETH-2,-7.002463333,-4.966953333,-12.69635667,-10.06271333,-21.32341167
11845,Session32,ETH-4,-7.123911667,-5.140438333,-12.804295,-10.42619667,-22.37584167
11846,Session32,ETH-2-1100-SAM,-7.04358,-4.885023333,-12.713855,-9.948935,-24.17475833
11847,Session32,ETH-2-1100-SAM,-7.052843333,-4.914128333,-12.74892167,-10.00269,-29.78155167
11848,Session32,ETH-2-1100-SAM,-7.036186667,-4.875106667,-12.698665,-9.901168333,-34.27688
11849,Session32,ETH-1,4.903801667,11.64925333,15.87075,22.94483833,7.401775
11850,Session32,ETH-3,4.65527,12.183185,16.526225,24.20042333,15.174605
11851,Session32,MERCK,-36.899585,-2.171505,-40.480885,-4.509106667,-49.57650167
11852,Session32,ETH-2-1100-SAM,-7.108016667,-4.991073333,-12.890545,-10.19066333,-24.38742333
11853,Session32,ETH-2-1100-SAM,-7.042416667,-4.869713333,-12.73202833,-9.982676667,-24.32294167
11854,Session32,JOHN_HT_80C,3.596146667,-1.37414,1.952928333,-2.873915,-7.86639
11855,Session32,ETH-4,-7.120376667,-5.136488333,-12.79300833,-10.39754667,-31.22156333
11856,Session32,ETH-1,4.898516667,11.64148667,15.83897833,23.01272,0.239691667
11857,Session32,JOHN_HT_25C,4.94033,7.344055,12.069875,14.48049167,5.793885
11858,Session32,KELE_LA_PIGNA,-7.737948333,8.153596667,-0.282251667,16.24207667,-7.670933333
11859,Session32,KELE_SARTEANO,3.189666667,6.42974,9.349365,12.65768167,5.183746667
11860,Session32,ETH-2,-7.012211667,-5.010476667,-12.80537167,-10.25537,-26.99779167
11861,Session32,ETH-3,4.628093333,12.15379167,16.448415,24.14306333,15.13345
11862,Session32,KELE_SZAL,-6.8604,5.352595,-2.088483333,10.672475,-8.800445
11863,Session32,ETH-2,-7.010248333,-4.991431667,-12.79411,-10.20321,-32.31150833
11864,Session32,ETH-1,4.871178333,11.58095667,15.76107667,22.75146667,8.672435
