,Gt
0.0,0.3
0.01172447484123107,0.3
0.02344894968246214,0.3
0.03517342452369321,0.3
0.04689789936492428,0.3
0.05862237420615535,0.3
0.07034684904738642,0.3
0.08207132388861749,0.3
0.09379579872984856,0.3
0.10552027357107963,0.3
0.1172447484123107,0.3
0.12896922325354176,0.3
0.14069369809477283,0.3
0.1524181729360039,0.3
0.16414264777723497,0.3
0.17586712261846604,0.3
0.1875915974596971,0.3
0.19931607230092818,0.3
0.21104054714215925,0.3
0.22276502198339032,0.3
0.2344894968246214,0.3
0.24621397166585246,0.3
0.25793844650708353,0.3
0.2696629213483146,0.3
0.28138739618954567,0.3
0.29311187103077674,0.3
0.3048363458720078,0.3
0.3165608207132389,0.3
0.32828529555446995,0.3
0.340009770395701,0.3
0.3517342452369321,0.3
0.36345872007816316,0.3
0.3751831949193942,0.3
0.3869076697606253,0.3
0.39863214460185636,0.3
0.41035661944308743,0.3
0.4220810942843185,0.3
0.4338055691255496,0.3
0.44553004396678064,0.3
0.4572545188080117,0.3
0.4689789936492428,0.3
0.48070346849047385,0.3
0.4924279433317049,0.3
0.504152418172936,0.3
0.5158768930141671,0.3
0.5276013678553981,0.3
0.5393258426966292,0.3
0.5510503175378603,0.3
0.5627747923790913,0.3
0.5744992672203224,0.3
0.5862237420615535,0.3
0.5979482169027845,0.3
0.6096726917440156,0.3
0.6213971665852467,0.3
0.6331216414264778,0.3
0.6448461162677088,0.3
0.6565705911089399,0.3
0.668295065950171,0.3
0.680019540791402,0.3
0.6917440156326331,0.3
0.7034684904738642,0.3
0.7151929653150952,0.3
0.7269174401563263,0.3
0.7386419149975574,0.3
0.7503663898387885,0.3
0.7620908646800195,0.3
0.7738153395212506,0.3
0.7855398143624817,0.3
0.7972642892037127,0.3
0.8089887640449438,0.3
0.8207132388861749,0.3
0.8324377137274059,0.3
0.844162188568637,0.3
0.8558866634098681,0.3
0.8676111382510991,0.3
0.8793356130923302,0.3
0.8910600879335613,0.3
0.9027845627747924,0.3
0.9145090376160234,0.3
0.9262335124572545,0.3
0.9379579872984856,0.3
0.9496824621397166,0.3
0.9614069369809477,0.3
0.9731314118221788,0.3
0.9848558866634098,0.3
0.9965803615046409,0.3
1.008304836345872,0.3
1.020029311187103,0.3
1.0317537860283341,0.3
1.0434782608695652,0.3
1.0552027357107963,0.3
1.0669272105520273,0.3
1.0786516853932584,0.3
1.0903761602344895,0.3
1.1021006350757205,0.3
1.1138251099169516,0.3
1.1255495847581827,0.3
1.1372740595994137,0.3
1.1489985344406448,0.3
1.1607230092818759,0.3
1.172447484123107,0.3
1.184171958964338,0.3
1.195896433805569,0.3
1.2076209086468002,0.3
1.2193453834880312,0.3
1.2310698583292623,0.3
1.2427943331704934,0.3
1.2545188080117244,0.3
1.2662432828529555,0.3
1.2779677576941866,0.3
1.2896922325354176,0.3
1.3014167073766487,0.3
1.3131411822178798,0.3
1.3248656570591109,0.3
1.336590131900342,0.3
1.348314606741573,0.3
1.360039081582804,0.3
1.3717635564240351,0.3
1.3834880312652662,0.3
1.3952125061064973,0.3
1.4069369809477283,0.3
1.4186614557889594,0.3
1.4303859306301905,0.3
1.4421104054714216,0.3
1.4538348803126526,0.3
1.4655593551538837,0.3
1.4772838299951148,0.3
1.4890083048363458,0.3
1.500732779677577,0.3
1.512457254518808,0.3
1.524181729360039,0.3
1.53590620420127,0.3
1.5476306790425012,0.3
1.5593551538837322,0.3
1.5710796287249633,0.3
1.5828041035661944,0.3
1.5945285784074255,0.3
1.6062530532486565,0.3
1.6179775280898876,0.3
1.6297020029311187,0.3
1.6414264777723497,0.3
1.6531509526135808,0.3
1.6648754274548119,0.3
1.676599902296043,0.3
1.688324377137274,0.3
1.700048851978505,0.3
1.7117733268197362,0.3
1.7234978016609672,0.3
1.7352222765021983,0.3
1.7469467513434294,0.3
1.7586712261846604,0.3
1.7703957010258915,0.3
1.7821201758671226,0.3
1.7938446507083536,0.3
1.8055691255495847,0.3
1.8172936003908158,0.3
1.8290180752320468,0.3
1.840742550073278,0.3
1.852467024914509,0.3
1.86419149975574,0.3
1.8759159745969711,0.3
1.8876404494382022,0.3
1.8993649242794333,0.3
1.9110893991206643,0.3
1.9228138739618954,0.3
1.9345383488031265,0.3
1.9462628236443575,0.3
1.9579872984855886,0.3
1.9697117733268197,0.3
1.9814362481680508,0.3
1.9931607230092818,0.3
2.0048851978505127,0.3
2.016609672691744,0.3
2.0283341475329753,0.3
2.040058622374206,0.3
2.051783097215437,0.3
2.0635075720566682,0.3
2.0752320468978995,0.3
2.0869565217391304,0.3
2.0986809965803612,0.3
2.1104054714215925,0.3
2.122129946262824,0.3
2.1338544211040547,0.3
2.1455788959452855,0.3
2.157303370786517,0.3
2.169027845627748,0.3
2.180752320468979,0.3
2.19247679531021,0.3
2.204201270151441,0.3
2.2159257449926724,0.3
2.227650219833903,0.3
2.239374694675134,0.3
2.2510991695163654,0.3
2.2628236443575966,0.3
2.2745481191988275,0.3
2.2862725940400583,0.3
2.2979970688812896,0.3
2.309721543722521,0.3
2.3214460185637518,0.3
2.3331704934049826,0.3
2.344894968246214,0.3
2.356619443087445,0.3
2.368343917928676,0.3
2.380068392769907,0.3
2.391792867611138,0.3
2.4035173424523695,0.3
2.4152418172936003,0.3
2.426966292134831,0.3
2.4386907669760625,0.3
2.4504152418172938,0.3
2.4621397166585246,0.3
2.4738641914997554,0.3
2.4855886663409867,0.3
2.497313141182218,0.3
2.509037616023449,0.3
2.5207620908646797,0.3
2.532486565705911,0.3
2.5442110405471423,0.3
2.555935515388373,0.3
2.567659990229604,0.3
2.5793844650708353,0.3
2.5911089399120666,0.3
2.6028334147532974,0.3
2.6145578895945283,0.3
2.6262823644357596,0.3
2.638006839276991,0.3
2.6497313141182217,0.3
2.6614557889594526,0.3
2.673180263800684,0.3
2.684904738641915,0.3
2.696629213483146,0.3
2.708353688324377,0.3
2.720078163165608,0.3
2.7318026380068394,0.3
2.7435271128480703,0.3
2.755251587689301,0.3
2.7669760625305324,0.3
2.7787005373717637,0.3
2.7904250122129945,0.3
2.8021494870542254,0.3
2.8138739618954567,0.3
2.825598436736688,0.3
2.837322911577919,0.3
2.8490473864191497,0.3
2.860771861260381,0.3
2.8724963361016123,0.3
2.884220810942843,0.3
2.895945285784074,0.3
2.9076697606253052,0.3
2.9193942354665365,0.3
2.9311187103077674,0.3
2.9428431851489982,0.3
2.9545676599902295,0.3
2.966292134831461,0.3
2.9780166096726917,0.3
2.9897410845139225,0.3
3.001465559355154,0.3
3.013190034196385,0.3
3.024914509037616,0.3
3.036638983878847,0.3
3.048363458720078,0.3
3.0600879335613094,0.3
3.07181240840254,0.3
3.083536883243771,0.3
3.0952613580850024,0.3
3.1069858329262336,0.3
3.1187103077674645,0.3
3.1304347826086953,0.3
3.1421592574499266,0.3
3.153883732291158,0.3
3.1656082071323888,0.3
3.1773326819736196,0.3
3.189057156814851,0.3
3.200781631656082,0.3
3.212506106497313,0.3
3.224230581338544,0.3
3.235955056179775,0.3
3.2476795310210065,0.3
3.2594040058622373,0.3
3.271128480703468,0.3
3.2828529555446995,0.3
3.2945774303859308,0.3
3.3063019052271616,0.3
3.3180263800683925,0.3
3.3297508549096237,0.3
3.341475329750855,0.3
3.353199804592086,0.3
3.3649242794333167,0.3
3.376648754274548,0.3
3.3883732291157793,0.3
3.40009770395701,0.3
3.411822178798241,0.3
3.4235466536394723,0.3
3.4352711284807036,0.3
3.4469956033219344,0.3
3.4587200781631653,0.3
3.4704445530043966,0.3
3.482169027845628,0.3
3.4938935026868587,0.3
3.5056179775280896,0.3
3.517342452369321,0.3
3.529066927210552,0.3
3.540791402051783,0.3
3.552515876893014,0.3
3.564240351734245,0.3
3.5759648265754764,0.3
3.5876893014167073,0.3
3.599413776257938,0.3
3.6111382510991694,0.3
3.6228627259404007,0.3
3.6345872007816316,0.3
3.6463116756228624,0.3
3.6580361504640937,0.3
3.669760625305325,0.3
3.681485100146556,0.3
3.6932095749877867,0.3
3.704934049829018,0.3
3.7166585246702493,0.3
3.72838299951148,0.3
3.740107474352711,0.3
3.7518319491939423,0.3
3.7635564240351735,0.3
3.7752808988764044,0.3
3.7870053737176352,0.3
3.7987298485588665,0.3
3.810454323400098,0.3
3.8221787982413287,0.3
3.8339032730825595,0.3
3.845627747923791,0.3
3.857352222765022,0.3
3.869076697606253,0.3
3.880801172447484,0.3
3.892525647288715,0.3
3.9042501221299464,0.3
3.9159745969711772,0.3
3.927699071812408,0.3
3.9394235466536394,0.3
3.9511480214948707,0.3
3.9628724963361015,0.3
3.9745969711773323,0.3
3.9863214460185636,0.3
3.998045920859795,0.3
4.009770395701025,0.3
4.021494870542257,0.3
4.033219345383488,0.3
4.044943820224719,0.3
4.0566682950659505,0.3
4.068392769907181,0.3
4.080117244748412,0.3
4.0918417195896435,0.3
4.103566194430874,0.3
4.115290669272105,0.3
4.1270151441133365,0.3
4.138739618954568,0.3
4.150464093795799,0.3
4.1621885686370295,0.3
4.173913043478261,0.3
4.185637518319492,0.3
4.1973619931607224,0.3
4.209086468001954,0.3
4.220810942843185,0.3
4.232535417684416,0.3
4.244259892525648,0.3
4.255984367366878,0.3
4.267708842208109,0.3
4.279433317049341,0.3
4.291157791890571,0.3
4.302882266731802,0.3
4.314606741573034,0.3
4.326331216414265,0.3
4.338055691255496,0.3
4.349780166096727,0.3
4.361504640937958,0.3
4.373229115779189,0.3
4.38495359062042,0.3
4.396678065461651,0.3
4.408402540302882,0.3
4.420127015144113,0.3
4.431851489985345,0.3
4.443575964826575,0.3
4.455300439667806,0.3
4.467024914509038,0.3
4.478749389350268,0.3
4.490473864191499,0.3
4.502198339032731,0.3
4.513922813873962,0.3
4.525647288715193,0.3
4.537371763556424,0.3
4.549096238397655,0.3
4.560820713238886,0.3
4.572545188080117,0.3
4.584269662921348,0.3
4.595994137762579,0.3
4.6077186126038105,0.3
4.619443087445042,0.3
4.631167562286272,0.3
4.6428920371275035,0.3
4.654616511968735,0.3
4.666340986809965,0.3
4.6780654616511965,0.3
4.689789936492428,0.3
4.701514411333659,0.3
4.71323888617489,0.3
4.724963361016121,0.3
4.736687835857352,0.3
4.748412310698583,0.3
4.760136785539814,0.3
4.771861260381045,0.3
4.783585735222276,0.3
4.795310210063508,0.3
4.807034684904739,0.3
4.818759159745969,0.3
4.830483634587201,0.3
4.842208109428432,0.3
4.853932584269662,0.3
4.865657059110894,0.3
4.877381533952125,0.3
4.889106008793356,0.3
4.9008304836345875,0.3
4.912554958475818,0.3
4.924279433317049,0.3
4.9360039081582805,0.3
4.947728382999511,0.3
4.959452857840742,0.3
4.9711773326819735,0.3
4.982901807523205,0.3
4.994626282364436,0.3
5.0063507572056665,0.3
5.018075232046898,0.3
5.029799706888129,0.3
5.0415241817293595,0.3
5.053248656570591,0.3
5.064973131411822,0.3
5.076697606253053,0.3
5.088422081094285,0.3
5.100146555935515,0.3
5.111871030776746,0.3
5.123595505617978,0.3
5.135319980459208,0.3
5.147044455300439,0.3
5.158768930141671,0.3
5.170493404982902,0.3
5.182217879824133,0.3
5.193942354665364,0.3
5.205666829506595,0.3
5.217391304347826,0.3
5.229115779189057,0.3
5.240840254030288,0.3
5.252564728871519,0.3
5.26428920371275,0.3
5.276013678553982,0.3
5.287738153395212,0.3
5.299462628236443,0.3
5.311187103077675,0.3
5.322911577918905,0.3
5.334636052760136,0.3
5.346360527601368,0.3
5.358085002442599,0.3
5.36980947728383,0.3
5.381533952125061,0.3
5.393258426966292,0.3
5.404982901807523,0.3
5.416707376648754,0.3
5.428431851489985,0.3
5.440156326331216,0.3
5.4518808011724476,0.3
5.463605276013679,0.3
5.475329750854909,0.3
5.4870542256961405,0.3
5.498778700537372,0.3
5.510503175378602,0.3
5.5222276502198335,0.3
5.533952125061065,0.3
5.545676599902296,0.3
5.557401074743527,0.3
5.569125549584758,0.3
5.580850024425989,0.3
5.59257449926722,0.3
5.604298974108451,0.3
5.616023448949682,0.3
5.627747923790913,0.3
5.639472398632145,0.3
5.651196873473376,0.3
5.662921348314606,0.3
5.674645823155838,0.3
5.686370297997069,0.3
5.698094772838299,0.3
5.709819247679531,0.3
5.721543722520762,0.3
5.733268197361993,0.3
5.7449926722032245,0.3
5.756717147044455,0.3
5.768441621885686,0.3
5.7801660967269175,0.3
5.791890571568148,0.3
5.803615046409379,0.3
5.8153395212506105,0.3
5.827063996091842,0.3
5.838788470933073,0.3
5.8505129457743035,0.3
5.862237420615535,0.3
5.873961895456766,0.3
5.8856863702979965,0.3
5.897410845139228,0.3
5.909135319980459,0.3
5.92085979482169,0.3
5.932584269662922,0.3
5.944308744504152,0.3
5.956033219345383,0.3
5.967757694186615,0.3
5.979482169027845,0.3
5.991206643869076,0.3
6.002931118710308,0.3
6.014655593551539,0.3
6.02638006839277,0.3
6.038104543234001,0.3
6.049829018075232,0.3
6.061553492916463,0.3
6.073277967757694,0.3
6.085002442598925,0.3
6.096726917440156,0.3
6.1084513922813874,0.3
6.120175867122619,0.3
6.131900341963849,0.3
6.14362481680508,0.3
6.155349291646312,0.3
6.167073766487542,0.3
6.178798241328773,0.3
6.190522716170005,0.3
6.202247191011236,0.3
6.213971665852467,0.3
6.225696140693698,0.3
6.237420615534929,0.3
6.24914509037616,0.3
6.260869565217391,0.3
6.272594040058622,0.3
6.284318514899853,0.3
6.296042989741085,0.3
6.307767464582316,0.3
6.319491939423546,0.3
6.3312164142647775,0.3
6.342940889106009,0.3
6.354665363947239,0.3
6.3663898387884705,0.3
6.378114313629702,0.3
6.389838788470933,0.3
6.401563263312164,0.3
6.413287738153395,0.3
6.425012212994626,0.3
6.436736687835857,0.3
6.448461162677088,0.3
6.460185637518319,0.3
6.47191011235955,0.3
6.483634587200782,0.3
6.495359062042013,0.3
6.507083536883243,0.3
6.518808011724475,0.3
6.530532486565706,0.3
6.542256961406936,0.3
6.553981436248168,0.3
6.565705911089399,0.3
6.57743038593063,0.3
6.5891548607718615,0.3
6.600879335613092,0.3
6.612603810454323,0.3
6.6243282852955545,0.3
6.636052760136785,0.3
6.647777234978016,0.3
6.6595017098192475,0.3
6.671226184660479,0.3
6.68295065950171,0.3
6.6946751343429405,0.3
6.706399609184172,0.3
6.718124084025403,0.3
6.7298485588666335,0.3
6.741573033707865,0.3
6.753297508549096,0.3
6.765021983390327,0.3
6.776746458231559,0.3
6.788470933072789,0.3
6.80019540791402,0.3
6.811919882755252,0.3
6.823644357596482,0.3
6.835368832437713,0.3
6.847093307278945,0.3
6.858817782120176,0.3
6.870542256961407,0.3
6.882266731802638,0.3
6.893991206643869,0.3
6.9057156814851,0.3
6.917440156326331,0.3
6.929164631167562,0.3
6.940889106008793,0.3
6.9526135808500245,0.3
6.964338055691256,0.3
6.976062530532486,0.3
6.987787005373717,0.3
6.999511480214949,0.3
7.011235955056179,0.3000006915
7.02296042989741,0.3000941912
7.034684904738642,0.3010093204
7.046409379579873,0.3043862981
7.058133854421104,0.3121656927
7.069858329262335,0.325933894
7.081582804103566,0.3466274646
7.093307278944797,0.3745189767
7.105031753786028,0.4093379238
7.116756228627259,0.4504292685
7.12848070346849,0.496901526
7.140205178309722,0.5477464207
7.151929653150953,0.6019272849
7.163654127992183,0.658439777
7.1753786028334146,0.7163504754
7.187103077674646,0.7748188733
7.198827552515876,0.8331074968
7.2105520273571075,0.890583889
7.222276502198339,0.9467172825
7.23400097703957,1.0010720183
7.245725451880801,1.0532991692
7.257449926722032,1.1031273705
7.269174401563263,1.1503535267
7.280898876404494,1.194833823
7.292623351245725,1.2364752992
7.304347826086956,1.2752281252
7.316072300928187,1.3110786407
7.327796775769419,1.3440431637
7.33952125061065,1.374162544
7.35124572545188,1.4014974156
7.362970200293112,1.4261240902
7.374694675134343,1.4481310323
7.386419149975573,1.4676158523
7.398143624816805,1.4846827608
7.409868099658036,1.4994404251
7.421592574499267,1.5120001788
7.4333170493404985,1.5224745367
7.445041524181729,1.5309759739
7.45676599902296,1.5376159312
7.4684904738641915,1.5425040144
7.480214948705422,1.5457473594
7.491939423546653,1.5474501366
7.5036638983878845,1.5477131747
7.515388373229116,1.5466336833
7.527112848070347,1.544305059
7.5388373229115775,1.5408167615
7.550561797752809,1.5362542463
7.56228627259404,1.5306989452
7.5740107474352705,1.5242282847
7.585735222276502,1.5169157365
7.597459697117733,1.5088308914
7.609184171958964,1.5000395537
7.620908646800196,1.4906038502
7.632633121641426,1.4805823504
7.644357596482657,1.4700301949
7.656082071323889,1.4589992288
7.667806546165119,1.4475381395
7.67953102100635,1.4356925944
7.691255495847582,1.42350538
7.702979970688813,1.4110165392
7.714704445530044,1.3982635067
7.726428920371275,1.3852812412
7.738153395212506,1.3721023549
7.749877870053737,1.3587572382
7.761602344894968,1.3452741808
7.773326819736199,1.3316794884
7.78505129457743,1.3179975943
7.7967757694186615,1.3042511667
7.808500244259893,1.2904612114
7.820224719101123,1.2766471693
7.8319491939423544,1.26282701
7.843673668783586,1.2490173202
7.855398143624816,1.2352333879
7.867122618466047,1.2214892823
7.878847093307279,1.2077979296
7.89057156814851,1.1941711847
7.902296042989741,1.1806198987
7.914020517830972,1.167153983
7.925744992672203,1.1537824701
7.937469467513434,1.1405135703
7.949193942354665,1.1273547255
7.960918417195896,1.1143126599
7.972642892037127,1.101393428
7.984367366878359,1.088602459
7.99609184171959,1.0759445995
8.00781631656082,1.063424153
8.01954079140205,1.0510449173
8.031265266243283,1.0388102198
8.042989741084513,1.02672295
8.054714215925745,1.0147855906
8.066438690766976,1.003000247
8.078163165608206,0.9913686735
8.089887640449438,0.9798923001
8.101612115290669,0.9685722552
8.113336590131901,0.9574093889
8.125061064973131,0.9464042937
8.136785539814362,0.935557324
8.148510014655594,0.924868615
8.160234489496824,0.9143380992
8.171958964338055,0.9039655233
8.183683439179287,0.8937504629
8.195407914020517,0.8836923364
8.207132388861748,0.8737904186
8.21885686370298,0.864043853
8.23058133854421,0.8544516627
8.242305813385443,0.8450127621
8.254030288226673,0.8357259658
8.265754763067903,0.8265899992
8.277479237909136,0.817603506
8.289203712750366,0.8087650572
8.300928187591598,0.8000731582
8.312652662432829,0.7915262562
8.324377137274059,0.7831227464
8.336101612115291,0.7748609783
8.347826086956522,0.7667392616
8.359550561797752,0.7587558708
8.371275036638984,0.7509090509
8.382999511480214,0.7431970215
8.394723986321445,0.7356179809
8.406448461162677,0.7281701104
8.418172936003907,0.7208515778
8.42989741084514,0.7136605404
8.44162188568637,0.7065951485
8.4533463605276,0.6996535481
8.465070835368833,0.6928338836
8.476795310210063,0.6861343001
8.488519785051295,0.6795529457
8.500244259892526,0.6730879737
8.511968734733756,0.6667375441
8.523693209574988,0.6604998258
8.535417684416219,0.6543729977
8.547142159257449,0.6483552506
8.558866634098681,0.6424447881
8.570591108939912,0.6366398281
8.582315583781142,0.6309386036
8.594040058622374,0.625339364
8.605764533463605,0.6198403756
8.617489008304837,0.6144399226
8.629213483146067,0.609136308
8.640937957987298,0.6039278536
8.65266243282853,0.5988129012
8.66438690766976,0.5937898128
8.676111382510992,0.5888569709
8.687835857352223,0.5840127791
8.699560332193453,0.5792556621
8.711284807034685,0.5745840663
8.723009281875916,0.5699964598
8.734733756717146,0.5654913325
8.746458231558378,0.5610671965
8.758182706399609,0.5567225858
8.76990718124084,0.5524560566
8.781631656082071,0.5482661873
8.793356130923302,0.5441515785
8.805080605764534,0.5401108528
8.816805080605764,0.5361426548
8.828529555446995,0.5322456512
8.840254030288227,0.5284185305
8.851978505129457,0.5246600029
8.86370297997069,0.5209688002
8.87542745481192,0.5173436757
8.88715192965315,0.5137834037
8.898876404494382,0.5102867799
8.910600879335613,0.5068526207
8.922325354176843,0.5034797631
8.934049829018075,0.5001670646
8.945774303859306,0.4969134029
8.957498778700536,0.4937176758
8.969223253541768,0.4905788007
8.980947728382999,0.4874957145
8.992672203224231,0.4844673734
9.004396678065461,0.4814927526
9.016121152906692,0.478570846
9.027845627747924,0.4757006659
9.039570102589154,0.4728812431
9.051294577430387,0.4701116259
9.063019052271617,0.4673908806
9.074743527112847,0.4647180908
9.08646800195408,0.4620923573
9.09819247679531,0.4595127977
9.10991695163654,0.4569785461
9.121641426477773,0.4544887533
9.133365901319003,0.4520425857
9.145090376160233,0.4496392258
9.156814851001466,0.4472778717
9.168539325842696,0.4449577364
9.180263800683928,0.4426780483
9.191988275525159,0.4404380503
9.203712750366389,0.438237
9.215437225207621,0.4360741692
9.227161700048852,0.4339488434
9.238886174890084,0.4318603223
9.250610649731314,0.4298079187
9.262335124572544,0.4277909588
9.274059599413777,0.425808782
9.285784074255007,0.4238607401
9.297508549096237,0.4219461977
9.30923302393747,0.4200645316
9.3209574987787,0.4182151307
9.33268197361993,0.4163973957
9.344406448461163,0.414610739
9.356130923302393,0.4128545843
9.367855398143625,0.4111283666
9.379579872984856,0.4094315318
9.391304347826086,0.4077635366
9.403028822667318,0.4061238482
9.414753297508549,0.4045119443
9.42647777234978,0.4029273125
9.438202247191011,0.4013694505
9.449926722032242,0.399837866
9.461651196873474,0.3983320758
9.473375671714704,0.3968516064
9.485100146555935,0.3953959935
9.496824621397167,0.3939647817
9.508549096238397,0.3925575246
9.520273571079628,0.3911737842
9.53199804592086,0.3898131314
9.54372252076209,0.3884751451
9.555446995603322,0.3871594124
9.567171470444553,0.3858655287
9.578895945285783,0.3845930969
9.590620420127015,0.3833417277
9.602344894968246,0.3821110394
9.614069369809478,0.3809006578
9.625793844650708,0.3797102156
9.637518319491939,0.378539353
9.649242794333171,0.3773877168
9.660967269174401,0.3762549608
9.672691744015632,0.3751407455
9.684416218856864,0.3740447379
9.696140693698094,0.3729666113
9.707865168539325,0.3719060456
9.719589643380557,0.3708627266
9.731314118221787,0.3698363462
9.74303859306302,0.3688266022
9.75476306790425,0.3678331982
9.76648754274548,0.3668558436
9.778212017586712,0.3658942532
9.789936492427943,0.3649481473
9.801660967269175,0.3640172517
9.813385442110405,0.3631012973
9.825109916951636,0.36220002
9.836834391792868,0.3613131611
9.848558866634098,0.3604404665
9.860283341475329,0.359581687
9.872007816316561,0.3587365783
9.883732291157791,0.3579049006
9.895456765999022,0.3570864187
9.907181240840254,0.3562809018
9.918905715681484,0.3554881234
9.930630190522717,0.3547078616
9.942354665363947,0.3539398983
9.954079140205177,0.3531840197
9.96580361504641,0.3524400161
9.97752808988764,0.3517076816
9.989252564728872,0.3509868142
10.000977039570103,0.3502772158
10.012701514411333,0.3495786919
10.024425989252565,0.3488910517
10.036150464093796,0.348214108
10.047874938935026,0.3475476769
10.059599413776258,0.3468915782
10.071323888617489,0.3462456349
10.083048363458719,0.3456096733
10.094772838299951,0.344983523
10.106497313141181,0.3443670168
10.118221787982414,0.3437599904
10.129946262823644,0.3431622827
10.141670737664874,0.3425737356
10.153395212506107,0.3419941939
10.165119687347337,0.3414235051
10.17684416218857,0.3408615198
10.1885686370298,0.3403080911
10.20029311187103,0.3397630749
10.212017586712262,0.3392263297
10.223742061553493,0.3386977167
10.235466536394723,0.3381770995
10.247191011235955,0.3376643444
10.258915486077186,0.3371593199
10.270639960918416,0.336661897
10.282364435759648,0.3361719491
10.294088910600879,0.3356893518
10.30581338544211,0.335213983
10.317537860283341,0.3347457228
10.329262335124572,0.3342844537
10.340986809965804,0.3338300598
10.352711284807034,0.3333824279
10.364435759648266,0.3329414464
10.376160234489497,0.3325070059
10.387884709330727,0.3320789988
10.39960918417196,0.3316573198
10.41133365901319,0.3312418651
10.42305813385442,0.330832533
10.434782608695652,0.3304292233
10.446507083536883,0.3300318381
10.458231558378113,0.3296402808
10.469956033219345,0.3292544567
10.481680508060576,0.3288742728
10.493404982901808,0.3284996376
10.505129457743038,0.3281304615
10.516853932584269,0.3277666562
10.5285784074255,0.3274081352
10.540302882266731,0.3270548133
10.552027357107963,0.3267066069
10.563751831949194,0.3263634339
10.575476306790424,0.3260252137
10.587200781631656,0.325691867
10.598925256472887,0.3253633159
10.610649731314117,0.3250394839
10.62237420615535,0.3247202958
10.63409868099658,0.3244056778
10.64582315583781,0.3240955574
10.657547630679042,0.3237898631
10.669272105520273,0.3234885249
10.680996580361505,0.323191474
10.692721055202735,0.3228986427
10.704445530043966,0.3226099646
10.716170004885198,0.3223253742
10.727894479726428,0.3220448073
10.73961895456766,0.3217682009
10.751343429408891,0.3214954929
10.763067904250121,0.3212266223
10.774792379091354,0.3209615293
10.786516853932584,0.3207001549
10.798241328773814,0.3204424413
10.809965803615047,0.3201883315
10.821690278456277,0.3199377697
10.833414753297507,0.3196907009
10.84513922813874,0.319447071
10.85686370297997,0.3192068269
10.868588177821202,0.3189699164
10.880312652662433,0.3187362881
10.892037127503663,0.3185058916
10.903761602344895,0.3182786773
10.915486077186126,0.3180545964
10.927210552027358,0.3178336009
10.938935026868588,0.3176156436
10.950659501709818,0.3174006783
10.96238397655105,0.3171886592
10.974108451392281,0.3169795417
10.985832926233511,0.3167732815
10.997557401074744,0.3165698354
11.009281875915974,0.3163693171
11.021006350757204,0.3162252354
11.032730825598437,0.3167141589
11.044455300439667,0.3193517641
11.0561797752809,0.3260820732
11.06790425012213,0.3385808426
11.07962872496336,0.3578995088
11.091353199804592,0.384415001
11.103077674645823,0.4179364837
11.114802149487055,0.4578620671
11.126526624328285,0.5033304731
11.138251099169516,0.5533458979
11.149975574010748,0.6068714718
11.161700048851978,0.6628942251
11.173424523693209,0.7204669704
11.18514899853444,0.77873271
11.196873473375671,0.8369364471
11.208597948216902,0.8944283069
11.220322423058134,0.950660932
11.232046897899364,1.0051833286
11.243771372740596,1.0576327088
11.255495847581827,1.1077253989
11.267220322423057,1.1552475322
11.27894479726429,1.2000459871
11.29066927210552,1.2420198553
11.302393746946752,1.2811125947
11.314118221787982,1.3173049392
11.325842696629213,1.3506085811
11.337567171470445,1.3810606025
11.349291646311675,1.4087186154
11.361016121152906,1.4336565522
11.372740595994138,1.4559610482
11.384465070835368,1.475728353
11.396189545676599,1.4930617114
11.40791402051783,1.5080691566
11.419638495359061,1.5208616646
11.431362970200293,1.5315516212
11.443087445041524,1.5402515597
11.454811919882754,1.5470731306
11.466536394723986,1.5521262713
11.478260869565217,1.555518545
11.489985344406449,1.5573546237
11.50170981924768,1.5577358933
11.51343429408891,1.5567601607
11.525158768930142,1.5545214476
11.536883243771372,1.5511098555
11.548607718612603,1.5466114895
11.560332193453835,1.5411084317
11.572056668295065,1.5346787541
11.583781143136296,1.5273965634
11.595505617977528,1.5193320723
11.607230092818758,1.5105516904
11.61895456765999,1.5011181308
11.630679042501221,1.491090529
11.642403517342451,1.4805245702
11.654127992183684,1.4694726217
11.665852467024914,1.4579838702
11.677576941866146,1.4461044599
11.689301416707377,1.4338776311
11.701025891548607,1.421343858
11.71275036638984,1.4085409843
11.72447484123107,1.3955043566
11.7361993160723,1.3822669534
11.747923790913532,1.3688595113
11.759648265754763,1.3553106469
11.771372740595993,1.3416469734
11.783097215437225,1.3278932138
11.794821690278456,1.3140723087
11.806546165119688,1.3002055196
11.818270639960918,1.2863125276
11.829995114802148,1.2724115271
11.84171958964338,1.2585193156
11.853444064484611,1.2446513785
11.865168539325843,1.2308219693
11.876893014167074,1.2170441866
11.888617489008304,1.2033300461
11.900341963849536,1.1896905487
11.912066438690767,1.1761357459
11.923790913531997,1.1626748001
11.93551538837323,1.1493160426
11.94723986321446,1.1360670277
11.95896433805569,1.1229345843
11.970688812896922,1.1099248634
11.982413287738153,1.097043384
11.994137762579385,1.0842950758
12.005862237420615,1.0716843189
12.017586712261846,1.059214982
12.029311187103078,1.0468904577
12.041035661944308,1.0347136956
12.05276013678554,1.0226872337
12.06448461162677,1.0108132279
12.076209086468001,0.9990934792
12.087933561309233,0.9875294597
12.099658036150464,0.9761223367
12.111382510991694,0.9648729955
12.123106985832926,0.9537820604
12.134831460674157,0.9428499147
12.146555935515387,0.9320767196
12.15828041035662,0.9214624311
12.17000488519785,0.9110068168
12.181729360039082,0.9007094706
12.193453834880312,0.8905698276
12.205178309721543,0.8805871769
12.216902784562775,0.8707606745
12.228627259404005,0.8610893545
12.240351734245237,0.8515721402
12.252076209086468,0.8422078542
12.263800683927698,0.8329952279
12.27552515876893,0.8239329101
12.28724963361016,0.8150194756
12.298974108451391,0.8062534325
12.310698583292623,0.7976332296
12.322423058133854,0.7891572629
12.334147532975084,0.7808238816
12.345872007816316,0.7726313943
12.357596482657547,0.764578074
12.369320957498779,0.7566621631
12.38104543234001,0.7488818781
12.39276990718124,0.7412354138
12.404494382022472,0.7337209472
12.416218856863702,0.7263366414
12.427943331704935,0.7190806487
12.439667806546165,0.7119511137
12.451392281387395,0.7049461767
12.463116756228628,0.6980639758
12.474841231069858,0.6913026495
12.486565705911088,0.6846603392
12.49829018075232,0.6781351911
12.510014655593551,0.6717253579
12.521739130434781,0.6654290011
12.533463605276014,0.6592442919
12.545188080117244,0.6531694134
12.556912554958476,0.6472025613
12.568637029799707,0.6413419454
12.580361504640937,0.6355857908
12.59208597948217,0.6299323383
12.6038104543234,0.6243798463
12.615534929164632,0.6189265907
12.627259404005862,0.6135708659
12.638983878847093,0.6083109855
12.650708353688325,0.603145283
12.662432828529555,0.5980721117
12.674157303370785,0.593089846
12.685881778212018,0.588196881
12.697606253053248,0.5833916331
12.709330727894478,0.5786725403
12.72105520273571,0.5740380625
12.732779677576941,0.5694866813
12.744504152418173,0.5650169005
12.756228627259404,0.5606272461
12.767953102100634,0.5563162661
12.779677576941866,0.5520825309
12.791402051783097,0.547924633
12.803126526624329,0.5438411871
12.81485100146556,0.5398308302
12.82657547630679,0.5358922209
12.838299951148022,0.5320240402
12.850024425989252,0.5282249907
12.861748900830483,0.5244937965
12.873473375671715,0.5208292034
12.885197850512945,0.5172299786
12.896922325354176,0.5136949103
12.908646800195408,0.5102228076
12.920371275036638,0.5068125005
12.93209574987787,0.5034628395
12.9438202247191,0.5001726953
12.955544699560331,0.4969409587
12.967269174401563,0.4937665405
12.978993649242794,0.4906483708
12.990718124084026,0.4875853993
13.002442598925256,0.4845765946
13.014167073766487,0.4816209441
13.025891548607719,0.478717454
13.03761602344895,0.4758651485
13.04934049829018,0.47306307
13.061064973131412,0.4703102787
13.072789447972642,0.4676058521
13.084513922813873,0.4649488851
13.096238397655105,0.4623384895
13.107962872496335,0.4597737938
13.119687347337567,0.4572539428
13.131411822178798,0.4547780977
13.143136297020028,0.4523454353
13.15486077186126,0.4499551483
13.16658524670249,0.4476064444
13.178309721543723,0.4452985468
13.190034196384953,0.4430306933
13.201758671226184,0.4408021362
13.213483146067416,0.4386121422
13.225207620908646,0.4364599923
13.236932095749877,0.4343449809
13.248656570591109,0.4322664163
13.26038104543234,0.4302236199
13.27210552027357,0.4282159263
13.283829995114802,0.426242683
13.295554469956032,0.4243032498
13.307278944797265,0.4223969993
13.319003419638495,0.420523316
13.330727894479725,0.4186815962
13.342452369320958,0.4168712482
13.354176844162188,0.4150916915
13.36590131900342,0.4133423569
13.37762579384465,0.4116226864
13.389350268685881,0.4099321326
13.401074743527113,0.4082701589
13.412799218368344,0.4066362391
13.424523693209574,0.405029857
13.436248168050806,0.4034505067
13.447972642892037,0.401897692
13.459697117733267,0.4003709264
13.4714215925745,0.3988697326
13.48314606741573,0.3973936428
13.494870542256962,0.3959421983
13.506595017098192,0.3945149491
13.518319491939423,0.3931114541
13.530043966780655,0.3917312807
13.541768441621885,0.3903740047
13.553492916463117,0.3890392101
13.565217391304348,0.3877264889
13.576941866145578,0.3864354411
13.58866634098681,0.3851656743
13.60039081582804,0.383916804
13.612115290669271,0.3826884527
13.623839765510503,0.3814802504
13.635564240351734,0.3802918344
13.647288715192964,0.3791228488
13.659013190034196,0.3779729446
13.670737664875427,0.3768417794
13.682462139716659,0.3757290178
13.69418661455789,0.3746343303
13.70591108939912,0.3735573941
13.717635564240352,0.3724978927
13.729360039081582,0.3714555152
13.741084513922814,0.3704299571
13.752808988764045,0.3694209195
13.764533463605275,0.3684281094
13.776257938446507,0.3674512393
13.787982413287738,0.3664900272
13.799706888128968,0.3655441963
13.8114313629702,0.3646134755
13.82315583781143,0.3636975986
13.834880312652661,0.3627963043
13.846604787493893,0.3619093367
13.858329262335124,0.3610364443
13.870053737176356,0.3601773808
13.881778212017586,0.3593319042
13.893502686858817,0.3584997774
13.905227161700049,0.3576807675
13.91695163654128,0.3568746462
13.928676111382511,0.3560811893
13.940400586223742,0.3553001772
13.952125061064972,0.354531394
13.963849535906204,0.3537746281
13.975574010747435,0.3530296719
13.987298485588665,0.3522963216
13.999022960429897,0.3515743773
14.010747435271128,0.3508636426
14.022471910112358,0.3501639251
14.03419638495359,0.3494750359
14.04592085979482,0.3487967895
14.057645334636053,0.3481290039
14.069369809477283,0.3474715006
14.081094284318514,0.3468241042
14.092818759159746,0.3461866428
14.104543234000976,0.3455589476
14.116267708842209,0.3449408528
14.127992183683439,0.3443321958
14.13971665852467,0.343732817
14.151441133365902,0.3431425596
14.163165608207132,0.3425612699
14.174890083048362,0.3419887969
14.186614557889595,0.3414249924
14.198339032730825,0.3408697108
14.210063507572055,0.3403228094
14.221787982413288,0.3397841479
14.233512457254518,0.3392535886
14.24523693209575,0.3387309966
14.25696140693698,0.3382162389
14.268685881778211,0.3377091855
14.280410356619443,0.3372097083
14.292134831460674,0.3367176819
14.303859306301906,0.3362329828
14.315583781143136,0.3357554901
14.327308255984367,0.3352850847
14.339032730825599,0.3348216501
14.350757205666829,0.3343650715
14.36248168050806,0.3339152364
14.374206155349292,0.3334720342
14.385930630190522,0.3330353563
14.397655105031752,0.3326050961
14.409379579872985,0.3321811489
14.421104054714215,0.3317634118
14.432828529555447,0.3313517839
14.444553004396678,0.3309461658
14.456277479237908,0.3305464602
14.46800195407914,0.3301525713
14.47972642892037,0.329764405
14.491450903761603,0.3293818692
14.503175378602833,0.3290048729
14.514899853444064,0.3286333271
14.526624328285296,0.3282671442
14.538348803126526,0.3279062383
14.550073277967757,0.3275505248
14.561797752808989,0.3271999207
14.57352222765022,0.3268543444
14.58524670249145,0.3265137158
14.596971177332682,0.3261779562
14.608695652173912,0.3258469882
14.620420127015144,0.3255207359
14.632144601856375,0.3251991244
14.643869076697605,0.3248820805
14.655593551538837,0.324569532
14.667318026380068,0.3242614081
14.6790425012213,0.323957639
14.69076697606253,0.3236581565
14.70249145090376,0.3233628931
14.714215925744993,0.3230717829
14.725940400586223,0.3227847609
14.737664875427454,0.3225017631
14.749389350268686,0.3222227269
14.761113825109916,0.3219475906
14.772838299951147,0.3216762935
14.784562774792379,0.3214087762
14.79628724963361,0.3211449799
14.808011724474841,0.3208848472
14.819736199316072,0.3206283214
14.831460674157302,0.3203753469
14.843185148998534,0.320125869
14.854909623839765,0.319879834
14.866634098680997,0.3196371889
14.878358573522227,0.3193978819
14.890083048363458,0.3191618618
14.90180752320469,0.3189290784
14.91353199804592,0.3186994823
14.92525647288715,0.318473025
14.936980947728383,0.3182496587
14.948705422569613,0.3180293364
14.960429897410844,0.3178120121
14.972154372252076,0.3175976403
14.983878847093306,0.3173861763
14.995603321934539,0.3171775763
15.007327796775769,0.3169717971
15.019052271617,0.3167687963
15.030776746458232,0.3165685321
15.042501221299462,0.3163709635
15.054225696140694,0.31617605
15.065950170981925,0.315983752
15.077674645823155,0.3157940304
15.089399120664387,0.3156068468
15.101123595505618,0.3154221633
15.112848070346848,0.3152399429
15.12457254518808,0.3150601489
15.13629702002931,0.3148827454
15.148021494870541,0.3147076971
15.159745969711773,0.314534969
15.171470444553004,0.314364527
15.183194919394236,0.3141963374
15.194919394235466,0.3140303671
15.206643869076697,0.3138665835
15.218368343917929,0.3137049544
15.230092818759159,0.3135454484
15.241817293600391,0.3133880343
15.253541768441622,0.3132326817
15.265266243282852,0.3130793605
15.276990718124084,0.3129280412
15.288715192965315,0.3127786946
15.300439667806545,0.312631292
15.312164142647777,0.3124858054
15.323888617489008,0.312342207
15.335613092330238,0.3122004695
15.34733756717147,0.3120605661
15.3590620420127,0.3119224703
15.370786516853933,0.3117861562
15.382510991695163,0.3116515981
15.394235466536394,0.3115187708
15.405959941377626,0.3113876497
15.417684416218856,0.3112582102
15.429408891060088,0.3111304284
15.441133365901319,0.3110042806
15.45285784074255,0.3108797436
15.464582315583781,0.3107567945
15.476306790425012,0.3106354107
15.488031265266242,0.31051557
15.499755740107474,0.3103972506
15.511480214948705,0.310280431
15.523204689789935,0.31016509
15.534929164631167,0.3100512068
15.546653639472398,0.3099387609
15.55837811431363,0.3098277321
15.57010258915486,0.3097181004
15.58182706399609,0.3096098464
15.593551538837323,0.3095029507
15.605276013678553,0.3093973944
15.617000488519786,0.3092931588
15.628724963361016,0.3091902254
15.640449438202246,0.3090885763
15.652173913043478,0.3089881934
15.663898387884709,0.3088890593
15.67562286272594,0.3087911567
15.687347337567171,0.3086944685
15.699071812408402,0.308598978
15.710796287249632,0.3085046687
15.722520762090864,0.3084115242
15.734245236932095,0.3083195286
15.745969711773327,0.308228666
15.757694186614557,0.308138921
15.769418661455788,0.3080502783
15.78114313629702,0.3079627227
15.79286761113825,0.3078762394
15.804592085979483,0.3077908139
15.816316560820713,0.3077064316
15.828041035661943,0.3076230785
15.839765510503176,0.3075407405
15.851489985344406,0.3074594039
15.863214460185636,0.3073790551
15.874938935026869,0.3072996808
15.886663409868099,0.3072212677
15.89838788470933,0.3071438031
15.910112359550562,0.3070672739
15.921836834391792,0.3069916678
15.933561309233024,0.3069169723
15.945285784074255,0.3068431752
15.957010258915485,0.3067702644
15.968734733756717,0.3066982282
15.980459208597948,0.3066270547
15.99218368343918,0.3065567327
16.00390815828041,0.3064872506
16.01563263312164,0.3064185973
16.02735710796287,0.3063507618
16.0390815828041,0.3062837333
16.050806057645335,0.3062175011
16.062530532486566,0.3061520547
16.074255007327796,0.3060873836
16.085979482169027,0.3060234777
16.097703957010257,0.3059603268
16.10942843185149,0.3058979211
16.12115290669272,0.3058362508
16.13287738153395,0.3057753062
16.144601856375182,0.3057150777
16.156326331216412,0.3056555561
16.168050806057646,0.3055967321
16.179775280898877,0.3055385966
16.191499755740107,0.3054811407
16.203224230581338,0.3054243554
16.214948705422568,0.3053682321
16.226673180263802,0.3053127622
16.238397655105032,0.3052579372
16.250122129946263,0.3052037488
16.261846604787493,0.3051501888
16.273571079628724,0.3050972489
16.285295554469954,0.3050449214
16.297020029311188,0.3049931981
16.30874450415242,0.3049420715
16.32046897899365,0.3048915339
16.33219345383488,0.3048415776
16.34391792867611,0.3047921952
16.355642403517344,0.3047433795
16.367366878358574,0.3046951231
16.379091353199804,0.304647419
16.390815828041035,0.30460026
16.402540302882265,0.3045536394
16.414264777723496,0.3045075501
16.42598925256473,0.3044619856
16.43771372740596,0.3044169391
16.44943820224719,0.3043724041
16.46116267708842,0.3043283741
16.47288715192965,0.3042848428
16.484611626770885,0.3042418038
16.496336101612115,0.304199251
16.508060576453346,0.3041571783
16.519785051294576,0.3041155796
16.531509526135807,0.304074449
16.54323400097704,0.3040337806
16.55495847581827,0.3039935687
16.5666829506595,0.3039538076
16.578407425500732,0.3039144915
16.590131900341962,0.3038756151
16.601856375183196,0.3038371728
16.613580850024427,0.3037991592
16.625305324865657,0.303761569
16.637029799706887,0.3037243969
16.648754274548118,0.3036876379
16.66047874938935,0.3036512867
16.672203224230582,0.3036153383
16.683927699071813,0.3035797879
16.695652173913043,0.3035446304
16.707376648754273,0.303509861
16.719101123595504,0.3034754751
16.730825598436738,0.3034414678
16.742550073277968,0.3034078345
16.7542745481192,0.3033745707
16.76599902296043,0.3033416719
16.77772349780166,0.3033091335
16.78944797264289,0.3032769512
16.801172447484124,0.3032451207
16.812896922325354,0.3032136377
16.824621397166585,0.3031824979
16.836345872007815,0.3031516973
16.848070346849045,0.3031212316
16.85979482169028,0.3030910969
16.87151929653151,0.3030612892
16.88324377137274,0.3030318044
16.89496824621397,0.3030026387
16.9066927210552,0.3029737884
16.918417195896435,0.3029452494
16.930141670737665,0.3029170183
16.941866145578896,0.3028890911
16.953590620420126,0.3028614644
16.965315095261357,0.3028341345
16.97703957010259,0.3028070978
16.98876404494382,0.3027803509
17.00048851978505,0.3027538903
17.01221299462628,0.3027277126
17.023937469467512,0.3027018145
17.035661944308742,0.3026761926
17.047386419149976,0.3026508436
17.059110893991207,0.3026257643
17.070835368832437,0.3026009516
17.082559843673668,0.3025764022
17.094284318514898,0.3025521131
17.106008793356132,0.3025280812
17.117733268197362,0.3025043034
17.129457743038593,0.3024807769
17.141182217879823,0.3024574985
17.152906692721054,0.3024344655
17.164631167562284,0.3024116749
17.176355642403518,0.3023891239
17.18808011724475,0.3023668097
17.19980459208598,0.3023447296
17.21152906692721,0.3023228807
17.22325354176844,0.3023012605
17.234978016609674,0.3022798663
17.246702491450904,0.3022586953
17.258426966292134,0.3022377452
17.270151441133365,0.3022170132
17.281875915974595,0.3021964968
17.29360039081583,0.3021761936
17.30532486565706,0.3021561011
17.31704934049829,0.3021362169
17.32877381533952,0.3021165386
17.34049829018075,0.3020970637
17.352222765021985,0.3020777901
17.363947239863215,0.3020587152
17.375671714704445,0.302039837
17.387396189545676,0.302021153
17.399120664386906,0.3020026612
17.410845139228137,0.3019843593
17.42256961406937,0.3019662451
17.4342940889106,0.3019483165
17.44601856375183,0.3019305713
17.457743038593062,0.3019130076
17.469467513434292,0.3018956232
17.481191988275526,0.3018784161
17.492916463116757,0.3018613843
17.504640937957987,0.3018445262
17.516365412799217,0.3018382649
17.528089887640448,0.3021245994
17.53981436248168,0.3038623797
17.551538837322912,0.3089201152
17.563263312164143,0.3191438281
17.574987787005373,0.33585173
17.586712261846603,0.3596807202
17.598436736687834,0.3906470756
17.610161211529068,0.4282924837
17.621885686370298,0.4718417258
17.63361016121153,0.5203393752
17.64533463605276,0.5727556066
17.65705911089399,0.6280618599
17.668783585735223,0.6852811692
17.680508060576454,0.7435188532
17.692232535417684,0.80197879
17.703957010258915,0.8599695739
17.715681485100145,0.9169038767
17.72740595994138,0.9722934828
17.73913043478261,1.0257417731
17.75085490962384,1.0769349003
17.76257938446507,1.1256324992
17.7743038593063,1.1716584854
17.78602833414753,1.2148922891
17.797752808988765,1.2552607242
17.809477283829995,1.2927305942
17.821201758671226,1.32730207
17.832926233512456,1.3590028286
17.844650708353686,1.387882919
17.85637518319492,1.4140103024
17.86809965803615,1.4374670078
17.87982413287738,1.458345841
17.89154860771861,1.4767475872
17.903273082559842,1.4927786472
17.914997557401072,1.5065490547
17.926722032242306,1.5181708251
17.938446507083537,1.5277565908
17.950170981924767,1.5354184832
17.961895456765998,1.5412672273
17.973619931607228,1.5454114164
17.985344406448462,1.5479569414
17.997068881289692,1.5490065494
18.008793356130923,1.5486595135
18.020517830972153,1.5470113935
18.032242305813384,1.544153874
18.043966780654618,1.540174667
18.055691255495848,1.5351574664
18.06741573033708,1.5291819465
18.07914020517831,1.5223237946
18.09086468001954,1.5146547729
18.102589154860773,1.5062428022
18.114313629702004,1.4971520626
18.126038104543234,1.4874431082
18.137762579384464,1.4771729912
18.149487054225695,1.4663953926
18.161211529066925,1.4551607581
18.17293600390816,1.4435164357
18.18466047874939,1.4315068144
18.19638495359062,1.4191734628
18.20810942843185,1.4065552651
18.21983390327308,1.3936885557
18.231558378114315,1.3806072502
18.243282852955545,1.3673429725
18.255007327796775,1.3539251786
18.266731802638006,1.3403812751
18.278456277479236,1.3267367342
18.290180752320467,1.3130152031
18.3019052271617,1.2992386096
18.31362970200293,1.2854272621
18.32535417684416,1.2715999459
18.337078651685392,1.257774014
18.348803126526622,1.243965474
18.360527601367856,1.2301890703
18.372252076209087,1.2164583621
18.383976551050317,1.2027857976
18.395701025891547,1.1891827834
18.407425500732778,1.1756597513
18.419149975574012,1.1622262202
18.430874450415242,1.148890855
18.442598925256473,1.1356615229
18.454323400097703,1.1225453448
18.466047874938933,1.1095487456
18.477772349780167,1.0966775001
18.489496824621398,1.0839367768
18.501221299462628,1.0713311792
18.51294577430386,1.0588647846
18.52467024914509,1.0465411799
18.53639472398632,1.0343634963
18.548119198827553,1.0223344411
18.559843673668784,1.0104563276
18.571568148510014,0.9987311037
18.583292623351245,0.9871603783
18.595017098192475,0.9757454458
18.60674157303371,0.9644873095
18.61846604787494,0.9533867037
18.63019052271617,0.9424441138
18.6419149975574,0.9316597954
18.65363947239863,0.9210337923
18.66536394723986,0.9105659533
18.677088422081095,0.9002559478
18.688812896922325,0.8901032803
18.700537371763556,0.8801073043
18.712261846604786,0.8702672351
18.723986321446016,0.8605821614
18.73571079628725,0.8510510571
18.74743527112848,0.8416727911
18.75915974596971,0.8324461374
18.77088422081094,0.8233697838
18.782608695652172,0.8144423409
18.794333170493406,0.8056623496
18.806057645334636,0.7970282883
18.817782120175867,0.7885385802
18.829506595017097,0.7801915994
18.841231069858328,0.7719856766
18.85295554469956,0.7639191049
18.864680019540792,0.7559901451
18.876404494382022,0.7481970298
18.888128969223253,0.7405379684
18.899853444064483,0.7330111508
18.911577918905714,0.7256147514
18.923302393746948,0.7183469326
18.935026868588178,0.7112058478
18.94675134342941,0.7041896446
18.95847581827064,0.6972964675
18.97020029311187,0.6905244605
18.981924767953103,0.6838717692
18.993649242794334,0.6773365435
19.005373717635564,0.6709169387
19.017098192476794,0.6646111182
19.028822667318025,0.6584172547
19.040547142159255,0.6523335315
19.05227161700049,0.6463581447
19.06399609184172,0.6404893034
19.07572056668295,0.6347252316
19.08744504152418,0.629064169
19.09916951636541,0.6235043718
19.110893991206645,0.6180441138
19.122618466047875,0.6126816867
19.134342940889105,0.6074154015
19.146067415730336,0.6022435882
19.157791890571566,0.5971645969
19.1695163654128,0.5921767983
19.18124084025403,0.5872785836
19.19296531509526,0.5824683652
19.20468978993649,0.5777445771
19.216414264777722,0.5731056746
19.228138739618956,0.5685501351
19.239863214460186,0.5640764577
19.251587689301417,0.5596831638
19.263312164142647,0.5553687967
19.275036638983877,0.5511319221
19.286761113825108,0.5469711277
19.298485588666342,0.5428850232
19.310210063507572,0.5388722408
19.321934538348803,0.5349314343
19.333659013190033,0.5310612797
19.345383488031263,0.5272604746
19.357107962872497,0.5235277384
19.368832437713728,0.519861812
19.380556912554958,0.5162614575
19.39228138739619,0.5127254585
19.40400586223742,0.5092526192
19.41573033707865,0.5058417648
19.427454811919883,0.5024917412
19.439179286761114,0.4992014143
19.450903761602344,0.4959696703
19.462628236443575,0.4927954154
19.474352711284805,0.4896775752
19.48607718612604,0.4866150948
19.49780166096727,0.4836069386
19.5095261358085,0.4806520895
19.52125061064973,0.4777495494
19.53297508549096,0.4748983384
19.544699560332194,0.4720974945
19.556424035173425,0.469346074
19.568148510014655,0.4666431504
19.579872984855886,0.4639878145
19.591597459697116,0.4613791742
19.60332193453835,0.4588163543
19.61504640937958,0.4562984958
19.62677088422081,0.4538247561
19.63849535906204,0.4513943086
19.65021983390327,0.4490063422
19.661944308744502,0.4466600615
19.673668783585736,0.4443546859
19.685393258426966,0.44208945
19.697117733268197,0.4398636028
19.708842208109427,0.4376764081
19.720566682950658,0.4355271433
19.73229115779189,0.4334151001
19.744015632633122,0.4313395835
19.755740107474352,0.4292999122
19.767464582315583,0.427295418
19.779189057156813,0.4253254452
19.790913531998044,0.4233893514
19.802638006839278,0.4214865061
19.814362481680508,0.4196162913
19.82608695652174,0.4177781009
19.83781143136297,0.4159713404
19.8495359062042,0.4141954271
19.861260381045433,0.4124497895
19.872984855886664,0.4107338671
19.884709330727894,0.4090471103
19.896433805569124,0.4073889803
19.908158280410355,0.4057589487
19.91988275525159,0.4041564974
19.93160723009282,0.4025811182
19.94333170493405,0.401032313
19.95505617977528,0.3995095934
19.96678065461651,0.3980124802
19.978505129457744,0.3965405037
19.990229604298975,0.3950932035
20.001954079140205,0.3936701279
20.013678553981435,0.3922708339
20.025403028822666,0.3908948874
20.037127503663896,0.3895418625
20.04885197850513,0.3882113417
20.06057645334636,0.3869029155
20.07230092818759,0.3856161824
20.08402540302882,0.3843507485
20.095749877870052,0.3831062279
20.107474352711286,0.3818822418
20.119198827552516,0.3806784189
20.130923302393747,0.3794943952
20.142647777234977,0.3783298135
20.154372252076207,0.3771843235
20.166096726917438,0.3760575819
20.177821201758672,0.3749492519
20.189545676599902,0.373859003
20.201270151441133,0.3727865114
20.212994626282363,0.3717314593
20.224719101123593,0.370693535
20.236443575964827,0.369672433
20.248168050806058,0.3686678535
20.259892525647288,0.3676795024
20.27161700048852,0.3667070914
20.28334147532975,0.3657503375
20.295065950170983,0.3648089634
20.306790425012213,0.3638826969
20.318514899853444,0.362971271
20.330239374694674,0.3620744239
20.341963849535905,0.3611918986
20.35368832437714,0.3603234432
20.36541279921837,0.3594688105
20.3771372740596,0.358627758
20.38886174890083,0.3578000478
20.40058622374206,0.3569854464
20.41231069858329,0.356183725
20.424035173424524,0.3553946588
20.435759648265755,0.3546180275
20.447484123106985,0.3538536149
20.459208597948216,0.3531012087
20.470933072789446,0.3523606008
20.48265754763068,0.3516315869
20.49438202247191,0.3509139666
20.50610649731314,0.3502075433
20.51783097215437,0.3495121239
20.5295554469956,0.3488275191
20.541279921836832,0.3481535431
20.553004396678066,0.3474900136
20.564728871519296,0.3468367515
20.576453346360527,0.3461935812
20.588177821201757,0.3455603304
20.599902296042988,0.34493683
20.61162677088422,0.3443229139
20.623351245725452,0.3437184191
20.635075720566682,0.3431231857
20.646800195407913,0.3425370569
20.658524670249143,0.3419598784
20.670249145090377,0.3413914991
20.681973619931608,0.3408317705
20.693698094772838,0.3402805469
20.70542256961407,0.3397376852
20.7171470444553,0.3392030451
20.728871519296533,0.3386764886
20.740595994137763,0.3381578804
20.752320468978994,0.3376470878
20.764044943820224,0.3371439801
20.775769418661454,0.3366484295
20.787493893502685,0.3361603101
20.79921836834392,0.3356794985
20.81094284318515,0.3352058735
20.82266731802638,0.334739316
20.83439179286761,0.3342797093
20.84611626770884,0.3338269386
20.857840742550074,0.3333808911
20.869565217391305,0.3329414562
20.881289692232535,0.3325085253
20.893014167073765,0.3320819917
20.904738641914996,0.3316617505
20.916463116756226,0.3312476989
20.92818759159746,0.3308397357
20.93991206643869,0.3304377617
20.95163654127992,0.3300416795
20.96336101612115,0.3296513931
20.975085490962382,0.3292668086
20.986809965803616,0.3288878335
20.998534440644846,0.3285143772
21.010258915486077,0.3281463505
21.021983390327307,0.3277836657
21.033707865168537,0.3274262369
21.04543234000977,0.3270739796
21.057156814851,0.3267268107
21.068881289692232,0.3263846487
21.080605764533463,0.3260474135
21.092330239374693,0.3257150262
21.104054714215927,0.3253874097
21.115779189057157,0.3250644879
21.127503663898388,0.3247461861
21.139228138739618,0.324432431
21.15095261358085,0.3241231504
21.16267708842208,0.3238182736
21.174401563263313,0.3235177309
21.186126038104543,0.323221454
21.197850512945774,0.3229293755
21.209574987787004,0.3226414295
21.221299462628235,0.3223575511
21.23302393746947,0.3220776764
21.2447484123107,0.3218017428
21.25647288715193,0.3215296885
21.26819736199316,0.3212614532
21.27992183683439,0.3209969771
21.29164631167562,0.3207362019
21.303370786516854,0.32047907
21.315095261358085,0.3202255249
21.326819736199315,0.3199755109
21.338544211040546,0.3197289736
21.350268685881776,0.3194858591
21.36199316072301,0.3192461148
21.37371763556424,0.3190096886
21.38544211040547,0.3187765296
21.3971665852467,0.3185465877
21.40889106008793,0.3183198135
21.420615534929166,0.3180961586
21.432340009770396,0.3178755753
21.444064484611626,0.3176580166
21.455788959452857,0.3174434366
21.467513434294087,0.31723179
21.47923790913532,0.3170230321
21.49096238397655,0.3168171193
21.502686858817782,0.3166140083
21.514411333659012,0.3164136568
21.526135808500243,0.3162160232
21.537860283341473,0.3160210666
21.549584758182707,0.3158287465
21.561309233023938,0.3156390235
21.573033707865168,0.3154518584
21.5847581827064,0.3152672131
21.59648265754763,0.3150850498
21.608207132388863,0.3149053314
21.619931607230093,0.3147280215
21.631656082071324,0.3145530842
21.643380556912554,0.3143804841
21.655105031753784,0.3142101867
21.666829506595015,0.3140421578
21.67855398143625,0.3138763637
21.69027845627748,0.3137127715
21.70200293111871,0.3135513487
21.71372740595994,0.3133920632
21.72545188080117,0.3132348837
21.737176355642404,0.3130797791
21.748900830483635,0.3129267191
21.760625305324865,0.3127756736
21.772349780166095,0.3126266132
21.784074255007326,0.312479509
21.79579872984856,0.3123343323
21.80752320468979,0.3121910552
21.81924767953102,0.3120496499
21.83097215437225,0.3119100893
21.84269662921348,0.3117723467
21.854421104054715,0.3116363957
21.866145578895946,0.3115022104
21.877870053737176,0.3113697654
21.889594528578407,0.3112390355
21.901319003419637,0.311109996
21.913043478260867,0.3109826227
21.9247679531021,0.3108568917
21.93649242794333,0.3107327794
21.948216902784562,0.3106102626
21.959941377625793,0.3104893185
21.971665852467023,0.3103699248
21.983390327308257,0.3102520593
21.995114802149487,0.3101357002
22.006839276990718,0.3100208262
22.018563751831948,0.3099074162
22.03028822667318,0.3097954495
22.04201270151441,0.3096849056
22.053737176355643,0.3095757644
22.065461651196873,0.3094680063
22.077186126038104,0.3093616115
22.088910600879334,0.3092565611
22.100635075720565,0.3091528361
22.1123595505618,0.3090504179
22.12408402540303,0.3089492883
22.13580850024426,0.3088494291
22.14753297508549,0.3087508227
22.15925744992672,0.3086534517
22.170981924767954,0.3085572987
22.182706399609184,0.3084623468
22.194430874450415,0.3083685795
22.206155349291645,0.3082759801
22.217879824132876,0.3081845327
22.22960429897411,0.3080942212
22.24132877381534,0.30800503
22.25305324865657,0.3079169436
22.2647777234978,0.3078299467
22.27650219833903,0.3077440246
22.28822667318026,0.3076591622
22.299951148021496,0.3075753452
22.311675622862726,0.3074925593
22.323400097703956,0.3074107902
22.335124572545187,0.3073300242
22.346849047386417,0.3072502476
22.35857352222765,0.3071714469
22.37029799706888,0.3070936087
22.382022471910112,0.3070167202
22.393746946751342,0.3069407683
22.405471421592573,0.3068657404
22.417195896433803,0.306791624
22.428920371275037,0.3067184068
22.440644846116268,0.3066460766
22.452369320957498,0.3065746216
22.46409379579873,0.3065040299
22.47581827063996,0.30643429
22.487542745481193,0.3063653905
22.499267220322423,0.30629732
22.510991695163654,0.3062300675
22.522716170004884,0.306163622
22.534440644846114,0.3060979729
22.54616511968735,0.3060331095
22.55788959452858,0.3059690213
22.56961406936981,0.305905698
22.58133854421104,0.3058431296
22.59306301905227,0.3057813059
22.604787493893504,0.3057202173
22.616511968734734,0.3056598538
22.628236443575965,0.305600206
22.639960918417195,0.3055412645
22.651685393258425,0.3054830199
22.663409868099656,0.3054254631
22.67513434294089,0.305368585
22.68685881778212,0.3053123768
22.69858329262335,0.3052568298
22.71030776746458,0.3052019351
22.72203224230581,0.3051476845
22.733756717147045,0.3050940693
22.745481191988276,0.3050410815
22.757205666829506,0.3049887127
22.768930141670737,0.3049369551
22.780654616511967,0.3048858006
22.792379091353197,0.3048352414
22.80410356619443,0.3047852699
22.81582804103566,0.3047358785
22.827552515876892,0.3046870596
22.839276990718123,0.3046388059
22.851001465559353,0.3045911102
22.862725940400587,0.3045439652
22.874450415241817,0.3044973639
22.886174890083048,0.3044512993
22.897899364924278,0.3044057646
22.90962383976551,0.304360753
22.921348314606742,0.3043162578
22.933072789447973,0.3042722724
22.944797264289203,0.3042287904
22.956521739130434,0.3041858053
22.968246213971664,0.3041433108
22.979970688812898,0.3041013007
22.99169516365413,0.3040597689
23.00341963849536,0.3040187094
23.01514411333659,0.3039781161
23.02686858817782,0.3039379831
23.03859306301905,0.3038983048
23.050317537860284,0.3038590753
23.062042012701514,0.303820289
23.073766487542745,0.3037819403
23.085490962383975,0.3037440239
23.097215437225206,0.3037065341
23.10893991206644,0.3036694658
23.12066438690767,0.3036328137
23.1323888617489,0.3035965725
23.14411333659013,0.3035607372
23.15583781143136,0.3035253027
23.16756228627259,0.3034902639
23.179286761113826,0.3034556162
23.191011235955056,0.3034213544
23.202735710796286,0.303387474
23.214460185637517,0.3033539701
23.226184660478747,0.3033208382
23.23790913531998,0.3032880735
23.24963361016121,0.3032556718
23.261358085002442,0.3032236283
23.273082559843672,0.3031919388
23.284807034684903,0.3031605989
23.296531509526137,0.3031296044
23.308255984367367,0.3030989509
23.319980459208598,0.3030686344
23.331704934049828,0.3030386507
23.34342940889106,0.3030089958
23.355153883732292,0.3029796656
23.366878358573523,0.3029506562
23.378602833414753,0.3029219637
23.390327308255983,0.3028935843
23.402051783097214,0.3028655141
23.413776257938444,0.3028377495
23.42550073277968,0.3028102868
23.43722520762091,0.3027831222
23.44894968246214,0.3027562522
23.46067415730337,0.3027296733
23.4723986321446,0.3027033819
23.484123106985834,0.3026773746
23.495847581827064,0.302651648
23.507572056668295,0.3026261987
23.519296531509525,0.3026010234
23.531021006350755,0.3025761189
23.542745481191986,0.3025514818
23.55446995603322,0.302527109
23.56619443087445,0.3025029974
23.57791890571568,0.3024791439
23.58964338055691,0.3024555453
23.60136785539814,0.3024321987
23.613092330239375,0.3024091011
23.624816805080606,0.3023862495
23.636541279921836,0.302363641
23.648265754763067,0.3023412727
23.659990229604297,0.3023191418
23.67171470444553,0.3022972456
23.68343917928676,0.3022755812
23.69516365412799,0.3022541459
23.706888128969222,0.3022329371
23.718612603810453,0.3022119521
23.730337078651687,0.3021911882
23.742061553492917,0.3021706428
23.753786028334147,0.3021503135
23.765510503175378,0.3021301977
23.777234978016608,0.3021102929
23.78895945285784,0.3020905967
23.800683927699072,0.3020711065
23.812408402540303,0.3020518201
23.824132877381533,0.3020327351
23.835857352222764,0.3020138491
23.847581827063994,0.3019951599
23.859306301905228,0.301976665
23.87103077674646,0.3019583624
23.88275525158769,0.3019402498
23.89447972642892,0.301922325
23.90620420127015,0.3019045859
23.91792867611138,0.3018870302
23.929653150952614,0.301869656
23.941377625793844,0.301852461
23.953102100635075,0.3018354434
23.964826575476305,0.301818601
23.976551050317536,0.3018019318
23.98827552515877,0.3017854338
24.0,0.3017691052
