Sample,UID,Session,d45,d46,d47,d48,d49
ETH-4,75,2019-05a,-5.5,-4.973,-10.921,-10.109,-70.757
ETH-1,76,2019-05a,6.561,11.86,17.939,23.074,-17.488
ETH-2,77,2019-05a,-5.396,-4.776,-10.79,-10.07,-32.002
ETH-3,78,2019-05a,6.279,12.345,18.442,24.385,6.538
ETH-4,79,2019-05a,-5.496,-4.944,-10.873,-10.434,-42.01
ETH-1,80,2019-05a,6.529,11.859,17.887,22.817,-53.546
ETH-1,81,2019-05a,6.557,11.861,17.931,23.059,-84.695
ETH-2,82,2019-05a,-5.42,-4.836,-10.851,-10.217,-85.781
ETH-3,83,2019-05a,6.282,12.385,18.481,24.409,-12.864
ETH-4,84,2019-05a,-5.505,-4.961,-10.858,-10.481,-64.377
CA5_05,85,2019-05a,4.202,6.198,10.206,11.505,-52.747
CA5_05,86,2019-05a,4.033,6.226,10.083,12.067,-16.773
CA5_05,87,2019-05a,4.02,6.178,10.02,11.945,6.502
ETH-1,88,2019-05a,6.559,11.892,17.956,23.265,-21.503
ETH-2,89,2019-05a,-5.399,-4.836,-10.817,-9.713,7.571
ETH-3,90,2019-05a,6.29,12.402,18.487,24.355,-9.014
ETH-4,91,2019-05a,-5.537,-5.035,-11.052,-11.214,-128.175
ETH-1,92,2019-05a,6.56,11.872,18.01,23.682,60.572
ETH-2,93,2019-05a,-5.404,-4.809,-10.835,-9.901,0.781
ETH-3,94,2019-05a,6.284,12.371,18.46,24.448,18.687
ETH-4,95,2019-05a,-5.504,-4.956,-10.906,-10.496,-38.372
CA5_05,96,2019-05a,3.531,5.821,9.179,11.264,-4.065
CA5_05,97,2019-05a,3.738,5.991,9.533,11.411,13.835
CA5_05,98,2019-05a,3.87,6.065,9.746,11.362,-31.659
CA5_05,99,2019-05a,3.825,6.091,9.736,11.817,19.082
ETH-1,100,2019-05a,6.552,11.864,17.917,23.269,19.212
ETH-2,101,2019-05a,-5.434,-4.898,-10.965,-10.426,-94.253
ETH-3,102,2019-05a,6.294,12.433,18.574,24.696,36.705
ETH-4,103,2019-05a,-5.513,-5.012,-10.95,-10.406,-11.929
CA50,104,2019-05a,4.759,-3.095,1.551,-6.428,5.247
CA50,105,2019-05a,5.157,-2.849,2.163,-6.319,-37.504
CA50,106,2019-05a,4.521,-3.207,1.19,-6.526,71.821
CA50,107,2019-05a,4.695,-3.202,1.353,-7.003,-39.978
CA50,108,2019-05a,4.933,-2.965,1.85,-6.025,38.896
ETH-1,109,2019-05a,6.547,11.81,17.83,23.024,-6.349
ETH-3,110,2019-05a,6.312,12.42,18.587,24.983,114.278
ETH-4,111,2019-05a,-5.517,-4.985,-10.95,-10.346,-42.636
CA5_05,112,2019-05a,3.845,6.134,9.795,11.854,43.519
CA5_05,113,2019-05a,3.89,6.155,9.909,12.001,83.479
CA5_05,114,2019-05a,3.971,6.15,9.967,12.132,24.852
ETH-1,115,2019-05a,6.554,11.907,17.982,23.314,2.653
CA5_05,116,2019-05a,3.886,6.171,9.901,12.365,13.502
ETH-2,117,2019-05a,-5.428,-4.837,-10.875,-10.238,-96.474
ETH-3,118,2019-05a,6.29,12.411,18.581,25.11,70.448
ETH-4,119,2019-05a,-5.502,-4.964,-10.894,-10.337,-71.257
CA5_05,120,2019-05a,4.207,6.284,10.334,12.035,-42.992
CA5_05,121,2019-05a,3.875,6.204,9.87,11.777,-73.656
CA5_05,122,2019-05a,3.781,6.136,9.748,11.83,-35.757
CA5_05,123,2019-05a,3.521,5.891,9.204,11.169,-37.845
CA5_05,124,2019-05a,3.628,5.98,9.432,11.598,-39.584
ETH-1,125,2019-05a,6.562,11.927,17.966,23.357,-31.863
ETH-2,126,2019-05a,-5.448,-4.907,-11.015,-10.533,-88.14
ETH-3,127,2019-05a,6.302,12.435,18.497,23.807,-58.733
ETH-4,128,2019-05a,-5.539,-5.039,-10.98,-10.765,-83.322
CA50,129,2019-05a,4.686,-3.174,1.377,-7.055,-55.888
CA50,130,2019-05a,4.569,-3.206,1.257,-6.503,-43.341
CA50,131,2019-05a,4.639,-3.206,1.318,-6.833,-45.704
ETH-1,132,2019-05a,6.559,11.863,17.95,23.251,6.61
ETH-2,133,2019-05a,-5.432,-4.84,-10.891,-10.099,-49.246
ETH-3,134,2019-05a,6.278,12.345,18.439,24.229,-32.457
ETH-4,135,2019-05a,-5.51,-4.966,-10.928,-10.434,-56.831
CA5_05,136,2019-05a,3.803,6.125,9.763,11.953,-0.471
CA5_05,137,2019-05a,3.709,6.092,9.631,12.425,80.2
CA5_05,138,2019-05a,3.687,5.984,9.462,11.576,0.663
CA5_05,139,2019-05a,4.13,6.358,10.33,12.728,60.443
CA5_05,140,2019-05a,3.75,6.134,9.707,11.67,-14.088
ETH-1,141,2019-05a,6.572,11.927,18.049,23.732,72.272
ETH-2,142,2019-05a,-5.431,-4.891,-10.936,-10.383,-56.327
ETH-3,143,2019-05a,6.262,12.378,18.478,24.614,49.503
ETH-4,144,2019-05a,-5.524,-5.025,-11.012,-10.487,-52.831
ETH-1,145,2019-05a,6.542,11.91,17.964,23.717,22.401
ETH-2,146,2019-05a,-5.488,-4.9,-11.054,-11.302,-164.456
ETH-3,147,2019-05a,6.277,12.379,18.423,24.409,29.123
ETH-4,148,2019-05a,-5.54,-5.003,-11.026,-10.964,-86.972
ETH-1,149,2019-05a,6.534,11.909,17.97,23.083,-26.424
ETH-1,150,2019-05a,6.569,11.883,17.992,23.439,-81.627
ETH-2,151,2019-05a,-5.424,-4.826,-10.884,-10.388,-97.747
ETH-3,152,2019-05a,6.292,12.378,18.534,24.355,-44.592
ETH-4,153,2019-05a,-5.491,-4.934,-10.876,-10.352,-57.277
CA50,154,2019-05a,4.929,-3.018,1.731,-6.304,-34.052
CA50,155,2019-05a,4.689,-3.192,1.352,-7.045,-66.94
CA50,156,2019-05a,4.883,-3.072,1.627,-7.581,-157.748
CA50,157,2019-05a,4.804,-3.138,1.498,-7.302,-104.211
ETH-1,158,2019-05a,6.548,11.887,17.901,23.004,-16.865
ETH-2,159,2019-05a,-5.436,-4.889,-10.944,-10.624,-93.944
ETH-3,160,2019-05a,6.32,12.458,18.595,24.649,30.46
ETH-4,161,2019-05a,-5.539,-5.026,-11.038,-10.948,-121.138
CA25,162,2019-05a,3.232,1.876,4.949,3.78,30.52
CA25,163,2019-05a,3.18,1.807,4.803,3.196,-9.893
CA25,164,2019-05a,3.176,1.85,4.863,3.292,4.553
ETH-1,165,2019-05a,6.574,11.895,18.021,23.495,19.506
ETH-2,166,2019-05a,-5.437,-4.863,-10.926,-10.245,-70.228
ETH-3,167,2019-05a,6.261,12.351,18.446,23.882,-42.863
ETH-4,168,2019-05a,-5.502,-4.96,-10.886,-10.289,-40.426
CA50,169,2019-05a,5.036,-2.988,1.933,-6.471,-25.757
CA50,170,2019-05a,5.077,-3.008,1.986,-6.239,-43.851
CA50,171,2019-05a,4.557,-3.188,1.27,-6.529,7.515
CA50,172,2019-05a,5.243,-2.91,2.225,-5.943,12.445
ETH-1,173,2019-05a,6.549,11.852,17.911,23.126,-6.759
ETH-2,174,2019-05a,-5.427,-4.885,-10.957,-10.313,-54.499
ETH-3,175,2019-05a,6.278,12.388,18.484,24.209,-12.923
ETH-4,176,2019-05a,-5.502,-4.974,-10.925,-10.709,-45.72
CA5_07,177,2019-05a,5.771,5.873,11.525,11.012,-30.617
CA5_07,178,2019-05a,5.594,5.621,11.129,10.685,-18.269
CA5_07,179,2019-05a,5.368,5.583,10.813,10.756,-41.164
CA5_07,180,2019-05a,5.602,5.626,11.117,10.901,-21.721
ETH-1,181,2019-05a,6.564,11.842,17.916,23.495,25.114
ETH-2,182,2019-05a,-5.424,-4.842,-10.891,-10.042,-40.583
ETH-3,183,2019-05a,6.258,12.382,18.446,24.691,37.338
ETH-4,184,2019-05a,-5.526,-5.002,-10.98,-10.625,-50.477
CA50,185,2019-05a,4.962,-3.033,1.863,-6.077,2.82
CA50,186,2019-05a,5.134,-2.968,2.063,-6.226,-15.047
CA50,187,2019-05a,4.866,-3.094,1.666,-6.316,29.014
CA25,188,2019-05a,3.139,1.763,4.666,3.057,-54.226
CA50,189,2019-05a,5.174,-2.948,2.126,-6.115,12.711
CA50,190,2019-05a,4.99,-3.07,1.784,-6.567,-45.521
ETH-1,191,2019-05a,6.568,11.9,18.043,23.356,3.156
ETH-1,192,2019-05a,6.557,11.883,18.012,23.18,-53.144
ETH-2,193,2019-05a,-5.433,-4.852,-10.922,-10.462,-117.984
ETH-3,194,2019-05a,6.275,12.377,18.479,24.479,-21.08
ETH-4,195,2019-05a,-5.514,-4.986,-10.936,-10.412,-71.889
CA5_07,196,2019-05a,6.174,5.859,11.939,11.55,-12.959
CA5_07,197,2019-05a,5.599,5.602,11.129,10.635,-45.153
CA5_07,198,2019-05a,5.653,5.542,11.124,11.222,19.89
CA5_07,199,2019-05a,5.672,5.864,11.476,12.157,36.392
CA5_07,200,2019-05a,5.724,5.779,11.397,11.313,3.85
ETH-1,201,2019-05a,6.587,11.933,18.037,23.62,11.171
ETH-2,202,2019-05a,-5.426,-4.899,-10.93,-10.637,-77.588
ETH-4,203,2019-05a,-5.492,-4.988,-10.927,-10.429,-19.975
CA25,204,2019-05a,3.19,1.862,4.814,2.748,-79.121
CA25,205,2019-05a,3.305,1.945,5.081,3.893,30.942
CA25,206,2019-05a,3.149,1.855,4.845,3.188,-33.664
CA25,207,2019-05a,3.264,1.874,4.961,4.107,60.074
CA25,208,2019-05a,3.188,1.829,4.824,3.524,-0.56
ETH-1,209,2019-05a,6.587,11.902,18.029,23.656,40.694
ETH-2,210,2019-05a,-5.431,-4.859,-10.881,-10.218,-56.957
ETH-3,211,2019-05a,6.275,12.359,18.384,24.278,-18.651
ETH-4,212,2019-05a,-5.516,-4.976,-10.945,-10.5,-59.11
CA5_07,213,2019-05a,5.609,5.7,11.257,11.749,28.524
CA5_07,214,2019-05a,5.44,5.482,10.828,10.69,-90.293
CA5_07,215,2019-05a,5.62,5.613,11.156,11.306,23.799
CA5_07,216,2019-05a,5.745,5.618,11.268,10.698,-64.397
CA5_07,217,2019-05a,5.282,5.335,10.496,10.075,-62.125
ETH-1,218,2019-05a,6.568,11.9,17.949,23.071,-56.071
ETH-2,219,2019-05a,-5.412,-4.849,-10.874,-10.068,-79.975
ETH-3,220,2019-05a,6.269,12.338,18.385,24.146,-40.108
ETH-4,221,2019-05a,-5.472,-4.924,-10.858,-10.325,-70.029
CA25,222,2019-05a,3.122,1.733,4.594,2.436,-158.53
CA25,223,2019-05a,3.263,1.884,4.949,3.311,-27.309
CA25,224,2019-05a,3.268,1.914,5.041,3.928,62.882
CA25,225,2019-05a,3.203,1.793,4.793,3.185,-57.624
CA25,226,2019-05a,3.208,1.841,4.87,3.156,-50.519
ETH-1,227,2019-05a,6.581,11.895,18.013,23.528,15.459
ETH-2,228,2019-05a,-5.414,-4.827,-10.809,-9.99,-6.858
ETH-3,229,2019-05a,6.263,12.348,18.411,24.383,-12.422
ETH-4,230,2019-05a,-5.511,-4.964,-10.933,-10.433,-105.204
CA5_07,231,2019-05a,5.663,5.578,11.122,10.919,51.056
ETH-1,232,2019-05a,6.648,11.999,18.185,26.622,327.994
CA90,233,2019-05a,3.245,-8.168,-5.133,-16.541,-53.939
CA90,234,2019-05a,3.268,-8.048,-5.077,-18.1,-109.284
CA90,235,2019-05a,3.26,-8.01,-4.891,-15.791,19.398
CA90,236,2019-05a,3.244,-8.019,-4.994,-16.357,-92.016
ETH-1,237,2019-05a,6.567,11.917,17.99,23.332,-48.997
ETH-2,238,2019-05a,-5.391,-4.84,-10.913,-10.252,-74.153
ETH-3,239,2019-05a,6.228,12.347,18.384,24.138,-64.917
ETH-4,240,2019-05a,-5.506,-4.964,-10.978,-11.021,-140.976
ETH-1,241,2019-05a,6.546,11.893,17.938,23.43,-17.052
ETH-2,242,2019-05a,-5.416,-4.847,-10.888,-10.211,-45.177
ETH-4,243,2019-05a,-5.506,-4.996,-10.944,-9.993,4.525
CA5_07,244,2019-05a,5.496,5.463,10.851,11.141,95.058
CA5_07,245,2019-05a,5.981,5.836,11.715,11.414,13.465
CA5_07,246,2019-05a,5.417,5.562,10.842,10.591,-54.492
CA5_07,247,2019-05a,5.829,5.686,11.425,11.08,5.762
ETH-1,248,2019-05a,6.564,11.892,17.956,23.493,-5.88
ETH-2,249,2019-05a,-5.422,-4.818,-10.898,-10.024,-60.541
ETH-3,250,2019-05a,6.272,12.321,18.449,24.884,107.291
ETH-4,251,2019-05a,-5.519,-4.978,-10.982,-10.49,-104.708
CA25,252,2019-05a,3.167,1.769,4.764,3.063,-45.392
CA25,253,2019-05a,3.17,1.843,4.8,3.449,-16.997
CA25,254,2019-05a,3.2,1.887,4.852,3.563,55.488
CA25,255,2019-05a,3.157,1.807,4.752,3.066,-88.016
CA25,256,2019-05a,3.204,1.867,4.879,3.721,30.166
ETH-1,257,2019-05a,6.568,11.911,18.017,23.417,30.171
ETH-2,258,2019-05a,-5.411,-4.831,-10.878,-9.891,-15.29
ETH-3,259,2019-05a,6.293,12.451,18.553,24.739,61.483
ETH-4,260,2019-05a,-5.521,-4.991,-10.966,-10.585,-73.592
ETH-1,261,2019-05a,6.538,11.898,17.891,22.878,-75.601
ETH-2,262,2019-05a,-5.412,-4.783,-10.777,-9.521,5.796
ETH-3,263,2019-05a,6.279,12.328,18.401,24.794,81.265
ETH-4,264,2019-05a,-5.5,-4.93,-10.866,-10.225,-55.717
CA25,265,2019-05a,3.273,1.92,5.005,3.947,98.569
CA25,266,2019-05a,3.214,1.902,4.902,3.129,-84.435
CA25,267,2019-05a,3.144,1.741,4.656,2.973,-79.094
CA25,268,2019-05a,3.187,1.901,4.946,3.89,98.318
CA25,269,2019-05a,3.197,1.811,4.791,3.043,-58.644
ETH-1,270,2019-05a,6.569,11.912,17.999,23.675,49.11
ETH-2,271,2019-05b,-5.413,-4.814,-10.84,-10.069,-82.651
ETH-3,272,2019-05b,6.265,12.323,18.431,24.526,-13.653
ETH-4,273,2019-05b,-5.355,-4.794,-10.555,-9.735,-87.868
CA90,274,2019-05b,3.255,-7.952,-4.934,-16.826,-148.32
CA90,275,2019-05b,3.25,-8.061,-4.983,-16.597,-71.044
CA90,276,2019-05b,3.24,-8.12,-5.037,-16.762,-30.175
CA90,277,2019-05b,3.249,-8.096,-4.978,-16.364,-27.247
CA90,278,2019-05b,3.279,-8.071,-4.895,-15.891,33.823
ETH-1,279,2019-05b,6.522,11.839,17.87,23.218,-26.167
ETH-2,280,2019-05b,-5.395,-4.831,-10.814,-9.774,-32.009
ETH-3,281,2019-05b,6.286,12.389,18.474,24.315,-19.49
ETH-4,282,2019-05b,-5.515,-4.993,-10.959,-10.576,-79.119
ETH-1,283,2019-05b,6.538,11.847,17.881,23.114,-53.623
ETH-2,284,2019-05b,-5.418,-4.84,-10.879,-10.007,-46.552
ETH-3,285,2019-05b,6.268,12.372,18.442,24.112,-38.647
CA90,286,2019-05b,3.239,-8.13,-5.046,-16.705,-9.641
CA90,287,2019-05b,3.264,-8.087,-4.967,-16.227,-16.904
CA90,288,2019-05b,3.24,-8.084,-4.965,-16.082,-10.674
CA90,289,2019-05b,3.255,-8.131,-5.008,-16.77,-42.217
ETH-1,290,2019-05b,6.553,11.876,17.91,23.156,-49.117
ETH-2,291,2019-05b,-5.406,-4.825,-10.802,-9.639,18.189
ETH-3,292,2019-05b,6.252,12.344,18.406,24.268,-49.589
ETH-1,293,2019-05b,6.596,11.99,18.107,25.424,155.941
ETH-2,294,2019-05b,-5.399,-4.779,-10.821,-9.163,83.706
ETH-3,295,2019-05b,6.307,12.441,18.607,25.62,109.393
ETH-4,296,2019-05b,-5.498,-4.891,-10.81,-9.697,30.694
CA90,297,2019-05b,3.254,-8.067,-5.007,-16.339,-3.597
CA90,298,2019-05b,3.251,-8.053,-4.983,-16.496,-4.833
CA90,299,2019-05b,3.267,-7.926,-4.9,-16.435,-25.291
CA90,300,2019-05b,3.271,-7.995,-4.887,-15.481,33.705
ETH-1,301,2019-05b,6.572,11.899,17.93,23.222,30.62
ETH-1,302,2019-05b,6.552,11.826,17.897,23.032,-47.912
ETH-3,303,2019-05b,6.261,12.31,18.376,24.155,-47.74
ETH-4,304,2019-05b,-5.501,-4.954,-10.879,-10.368,-63.736
CA90,305,2019-05b,3.254,-8.058,-4.909,-16.39,-59.443
CA90,306,2019-05b,3.252,-8.084,-4.975,-16.616,-55.652
CA90,307,2019-05b,3.247,-8.077,-4.928,-16.537,-36.986
CA90,308,2019-05b,3.255,-8.012,-4.889,-16.121,-47.851
CA90,309,2019-05b,3.274,-8.003,-4.8,-15.893,-2.993
ETH-1,310,2019-05b,6.581,11.881,18.021,23.85,38.687
ETH-2,311,2019-05b,-5.428,-4.869,-10.917,-10.016,-61.334
ETH-3,312,2019-05b,6.264,12.357,18.385,23.696,-63.412
ETH-1,313,2019-05b,6.525,11.838,17.827,22.794,-40.306
ETH-2,314,2019-05b,-5.406,-4.801,-10.824,-10.048,-19.716
ETH-3,315,2019-05b,6.274,12.346,18.461,24.396,12.004
ETH-1,316,2019-05b,6.524,11.875,17.877,22.902,-62.607
ETH-2,317,2019-05b,-5.43,-4.888,-10.894,-10.054,-24.592
ETH-3,318,2019-05b,6.28,12.359,18.482,24.513,-11.823
ETH-4,319,2019-05b,-5.52,-5.024,-10.984,-11.052,-96.561
ETH-1,320,2019-05b,6.538,11.855,17.93,23.887,53.754
ETH-2,321,2019-05b,-5.447,-4.883,-10.953,-10.499,-73.87
ETH-3,322,2019-05b,6.284,12.363,18.442,23.994,16.309
ETH-4,323,2019-05b,-5.532,-4.995,-11.012,-10.862,-105.749
ETH-1,324,2019-05b,6.542,11.899,17.939,23.281,-23.032
ETH-1,422,2019-06a,6.561,11.891,17.988,23.293,-82.458
ETH-2,423,2019-06a,-5.402,-4.785,-10.793,-9.923,-78.26
ETH-3,424,2019-06a,6.285,12.371,18.438,23.944,-78.962
ETH-4,425,2019-06a,-5.503,-4.949,-10.883,-10.414,-80.197
ETH-1,426,2019-06a,6.566,11.925,17.994,22.989,-55.364
ETH-2,427,2019-06a,-5.428,-4.89,-11.003,-10.675,-106.249
ETH-3,428,2019-06a,6.277,12.362,18.453,24.002,-49.406
ETH-4,429,2019-06a,-5.488,-4.947,-10.906,-10.324,-52.757
ETH-1,430,2019-06a,6.541,11.807,17.836,22.754,-57.525
ETH-2,431,2019-06a,-5.4,-4.814,-10.825,-10.063,-32.51
ETH-3,432,2019-06a,6.268,12.309,18.396,24.352,-6.592
ETH-4,433,2019-06a,-5.518,-4.983,-10.964,-10.51,-65.791
ETH-1,434,2019-06a,6.556,11.896,17.909,22.97,-78.27
ETH-2,435,2019-06a,-5.39,-4.825,-10.829,-9.993,-59.003
ETH-3,436,2019-06a,6.299,12.405,18.582,24.761,28.683
ETH-4,437,2019-06a,-5.493,-4.961,-10.925,-10.418,-107.733
ETH-1,438,2019-06a,6.584,11.889,17.975,23.324,-12.605
ETH-3,439,2019-06a,6.281,12.35,18.393,23.568,-76.495
ETH-4,440,2019-06a,-5.524,-4.968,-10.997,-11.132,-134
ETH-1,441,2019-06a,6.572,11.919,17.992,23.518,-17.245
ETH-1,442,2019-06a,6.545,11.833,17.883,22.812,-137.924
ETH-2,443,2019-06a,-5.434,-4.853,-10.912,-10.387,-127.066
ETH-3,444,2019-06a,6.278,12.335,18.4,23.894,-101.177
ETH-4,445,2019-06a,-5.501,-4.938,-10.941,-10.599,-131.623
CA120,446,2019-06a,1.671,-13.887,-12.386,-28.103,-102.753
CA120,447,2019-06a,1.678,-13.858,-12.341,-27.864,-98.929
CA120,448,2019-06a,1.67,-13.893,-12.408,-28.241,-132.237
CA120,449,2019-06a,1.652,-13.961,-12.477,-28.583,-153.313
ETH-1,450,2019-06a,6.574,11.903,17.924,22.809,-62.104
ETH-2,451,2019-06a,-5.398,-4.821,-10.889,-10.37,-92.349
ETH-3,452,2019-06a,6.302,12.47,18.57,24.469,-37.972
ETH-1,453,2019-06a,6.549,11.838,17.862,22.627,-80.873
ETH-2,454,2019-06a,-5.417,-4.84,-10.87,-10.202,-72.52
ETH-3,455,2019-06a,6.274,12.355,18.415,23.732,-89.094
ETH-4,456,2019-06a,-5.485,-4.916,-10.819,-10.128,-55.223
ETH-1,457,2019-06a,6.578,11.902,18.014,23.332,-38.394
ETH-2,458,2019-06a,-5.419,-4.911,-10.967,-10.436,-142.96
ETH-3,459,2019-06a,6.272,12.342,18.444,23.968,-110.616
ETH-4,460,2019-06a,-5.513,-5.009,-10.993,-10.934,-161.414
ETH-1,461,2019-06a,6.562,11.835,17.862,23.134,-54.908
ETH-2,462,2019-06a,-5.426,-4.844,-10.936,-10.271,-127.564
ETH-3,463,2019-06a,6.292,12.369,18.44,24.088,-43.822
ETH-4,464,2019-06a,-5.517,-5.012,-10.955,-10.781,-145.502
ETH-1,465,2019-06a,6.566,11.882,17.969,23.397,-37.437
ETH-1,466,2019-06a,6.554,11.818,17.854,22.655,-271.246
ETH-2,467,2019-06a,-5.432,-4.862,-10.964,-10.616,-178.022
ETH-3,468,2019-06a,6.278,12.338,18.462,24.321,-59.18
ETH-4,469,2019-06a,-5.501,-4.967,-10.9,-10.401,-107.942
CA120,470,2019-06a,1.651,-13.972,-12.482,-28.189,-173.556
CA120,471,2019-06a,1.66,-13.922,-12.411,-28.321,-224.986
CA120,472,2019-06a,1.681,-13.909,-12.315,-27.915,-119.216
CA120,473,2019-06a,1.667,-13.912,-12.418,-28.287,-222.298
CA120,474,2019-06a,1.683,-13.911,-12.364,-27.792,-169.467
ETH-1,475,2019-06a,6.55,11.834,17.887,22.878,-141.487
ETH-2,476,2019-06a,-5.404,-4.838,-10.848,-9.892,-72.021
ETH-4,477,2019-06a,-5.501,-4.999,-10.954,-10.719,-171.421
ETH-1,478,2019-06a,6.547,11.836,17.838,22.973,-108.746
ETH-2,479,2019-06a,-5.403,-4.818,-10.852,-10.102,-80.042
ETH-3,480,2019-06a,6.27,12.327,18.392,24.293,-74.246
ETH-4,481,2019-06a,-5.52,-4.991,-10.957,-10.725,-155.333
CA120,482,2019-06a,1.666,-13.898,-12.412,-28.396,-123.662
CA120,483,2019-06a,1.661,-13.909,-12.39,-28.237,-88.451
CA120,484,2019-06a,1.663,-13.932,-12.423,-28.174,-99.282
CA120,485,2019-06a,1.682,-13.861,-12.353,-28.144,-109.275
CA120,486,2019-06a,1.667,-13.938,-12.474,-28.417,-113.848
ETH-1,487,2019-06a,6.547,11.864,17.904,23.053,-58.005
ETH-2,488,2019-06a,-5.423,-4.882,-10.942,-10.398,-120.923
ETH-3,489,2019-06a,6.286,12.376,18.454,24.355,-33.936
ETH-4,490,2019-06a,-5.521,-5.022,-11.005,-10.907,-126.083
ETH-1,491,2019-06a,6.549,11.808,17.802,22.66,-123.263
ETH-2,492,2019-06a,-5.394,-4.788,-10.776,-10.362,-109.547
ETH-3,493,2019-06a,6.278,12.322,18.369,23.89,-51.553
ETH-4,494,2019-06a,-5.513,-4.977,-10.962,-10.852,-126.992
ETH-1,495,2019-06a,6.564,11.879,17.946,23.091,-49.716
ETH-3,496,2019-06a,6.247,12.272,18.344,23.792,-71.476
ETH-4,497,2019-06a,-5.507,-4.979,-10.952,-10.757,-149.372
ETH-1,498,2019-06a,6.553,11.844,17.867,23.159,-72.033
ETH-2,499,2019-06a,-5.386,-4.83,-10.843,-9.796,-45.549
ETH-3,500,2019-06a,6.257,12.343,18.375,23.949,-87.85
ETH-4,501,2019-06a,-5.507,-5.023,-10.976,-10.521,-95.964
ETH-1,502,2019-06a,6.574,11.863,17.918,23.213,-36.677
ETH-2,503,2019-06a,-5.424,-4.888,-10.941,-10.443,-90.176
ETH-3,504,2019-06a,6.313,12.381,18.499,25.07,56.072
ETH-4,505,2019-06a,-5.509,-4.997,-11.022,-10.781,-88.288
CA120,506,2019-06a,1.663,-13.928,-12.445,-28.378,-106.495
CA120,507,2019-06a,1.66,-13.925,-12.403,-28.287,-103.785
CA120,508,2019-06a,1.674,-13.937,-12.469,-28.521,-100.7
CA120,509,2019-06a,1.668,-13.915,-12.45,-28.498,-121.329
CA120,510,2019-06a,1.667,-13.945,-12.424,-28.464,-100.456
ETH-1,511,2019-06a,6.576,11.923,18.007,23.502,-10.835
ETH-2,512,2019-06a,-5.44,-4.938,-11.039,-10.706,-109.997
ETH-3,513,2019-06a,6.275,12.302,18.394,24.177,-30.884
ETH-4,514,2019-06a,-5.515,-5.023,-10.976,-10.929,-117.789
ETH-1,515,2019-06a,6.544,11.8,17.808,22.68,-75.971
ETH-2,516,2019-06a,-5.419,-4.873,-10.928,-10.615,-77.239
ETH-3,517,2019-06a,6.29,12.309,18.452,24.547,37.416
ETH-4,518,2019-06a,-5.515,-4.988,-10.957,-10.402,-66.165
ETH-1,519,2019-06a,6.556,11.849,17.896,22.932,-54.991
ETH-2,520,2019-06b,-5.425,-4.855,-10.902,-10.335,-122.62
ETH-3,521,2019-06b,6.27,12.318,18.355,24.016,-64.668
ETH-4,522,2019-06b,-5.511,-4.995,-10.969,-10.33,-88.975
ETH-1,523,2019-06b,6.526,11.85,17.879,22.613,-113.671
ETH-2,524,2019-06b,-5.401,-4.851,-10.849,-9.796,-47.754
ETH-3,525,2019-06b,6.275,12.325,18.416,24.206,-18.711
ETH-4,526,2019-06b,-5.494,-4.999,-10.943,-10.56,-51.987
ETH-1,527,2019-06b,6.567,11.818,17.916,23.079,-35.096
ETH-2,528,2019-06b,-5.417,-4.839,-10.924,-10.359,-77.367
ETH-3,529,2019-06b,6.271,12.298,18.325,23.578,-92.973
ETH-4,530,2019-06b,-5.518,-4.988,-10.99,-10.879,-108.846
CA120,531,2019-06b,1.66,-13.939,-12.471,-28.387,-89.721
CA120,532,2019-06b,1.684,-13.884,-12.33,-28.205,-83.174
CA120,533,2019-06b,1.661,-13.961,-12.49,-28.552,-92.968
CA120,534,2019-06b,1.644,-13.941,-12.481,-28.49,-123.448
CA120,535,2019-06b,1.662,-13.957,-12.466,-28.573,-86.877
ETH-1,536,2019-06b,6.548,11.792,17.854,22.92,-43.069
ETH-2,537,2019-06b,-5.423,-4.913,-10.971,-10.552,-91.012
ETH-3,538,2019-06b,6.269,12.329,18.386,24.131,-40.615
ETH-4,539,2019-06b,-5.506,-5.022,-11.012,-10.946,-89.005
ETH-1,540,2019-06b,6.563,11.823,17.855,22.795,-64.684
ETH-2,541,2019-06b,-5.423,-4.838,-10.902,-10.59,-85.091
ETH-3,542,2019-06b,6.285,12.304,18.372,24.433,21.457
ETH-4,543,2019-06b,-5.519,-5.017,-11.001,-10.903,-113.514
ETH-1,544,2019-06b,6.563,11.856,17.901,22.883,-52.778
ETH-2,545,2019-06b,-5.446,-4.875,-10.979,-10.657,-146.766
ETH-3,546,2019-06b,6.272,12.325,18.376,24.059,-74.485
ETH-4,547,2019-06b,-5.512,-5.002,-10.961,-10.661,-107.62
ETH-1,548,2019-06b,6.563,11.894,17.96,23.103,-49.146
ETH-2,549,2019-06b,-5.431,-4.906,-11.015,-10.839,-114.724
ETH-3,550,2019-06b,6.27,12.383,18.458,23.923,-62.732
ETH-4,551,2019-06b,-5.517,-5.027,-11.032,-10.878,-95.187
ETH-1,552,2019-06b,6.569,11.864,17.969,23.038,-57.126
ETH-2,553,2019-06b,-5.419,-4.839,-10.867,-10.338,-60.131
ETH-3,554,2019-06b,6.271,12.347,18.373,23.761,-127.898
ETH-4,555,2019-06b,-5.514,-5.007,-10.971,-10.782,-146.719
ETH-1,556,2019-06b,6.538,11.888,17.943,23.173,-62.536
ETH-2,557,2019-06b,-5.439,-4.897,-11.003,-10.3,-171.504
ETH-3,558,2019-06b,6.289,12.39,18.475,23.975,-100.012
ETH-4,559,2019-06b,-5.512,-5.022,-10.965,-10.876,-137.005
ETH-1,560,2019-06b,6.565,11.865,17.925,23.202,-51.493
ETH-2,561,2019-06b,-5.467,-4.876,-10.988,-10.616,-171.788
ETH-3,562,2019-06b,6.279,12.32,18.386,24.161,-74.872
ETH-4,563,2019-06b,-5.503,-4.951,-10.87,-10.309,-85.31
ETH-1,564,2019-06b,6.557,11.865,17.93,23.362,-11.182
ETH-1,565,2019-06b,6.556,11.846,17.886,22.767,-236.793
ETH-2,566,2019-06b,-5.422,-4.834,-10.902,-10.62,-199.341
ETH-3,567,2019-06b,6.292,12.387,18.459,24.138,-96.829
ETH-4,568,2019-06b,-5.52,-4.998,-10.995,-10.885,-168.333
CA170,569,2019-06b,-0.146,-17.465,-17.749,-34.821,-93.57
CA170,570,2019-06b,-0.146,-17.483,-17.804,-35.104,-130.114
CA170,571,2019-06b,-0.165,-17.546,-17.912,-35.551,-203.24
CA170,572,2019-06b,-0.152,-17.489,-17.848,-35.351,-165.372
CA170,573,2019-06b,-0.156,-17.544,-17.87,-35.395,-145.639
ETH-1,574,2019-06b,6.571,11.893,17.985,23.227,-49.374
ETH-2,575,2019-06b,-5.422,-4.873,-10.943,-10.427,-127.752
ETH-3,576,2019-06b,6.279,12.335,18.395,24.402,-34.559
ETH-4,577,2019-06b,-5.499,-4.983,-10.924,-10.832,-130.223
ETH-1,578,2019-06b,6.549,11.886,17.911,22.859,-111.305
ETH-2,579,2019-06b,-5.438,-4.864,-10.928,-10.498,-136.531
ETH-3,580,2019-06b,6.295,12.349,18.41,24.39,-16.396
ETH-4,581,2019-06b,-5.522,-5.019,-11.001,-10.873,-131.324
ETH-1,582,2019-06b,6.552,11.896,17.903,23.089,-113.448
ETH-2,583,2019-06b,-5.42,-4.873,-10.936,-10.453,-128.198
ETH-3,584,2019-06b,6.304,12.373,18.463,24.321,-47.257
ETH-4,585,2019-06b,-5.503,-5.008,-10.997,-11.093,-167.291
ETH-1,586,2019-06b,6.588,11.899,17.977,23.36,-9.226
ETH-2,587,2019-06b,-5.43,-4.874,-10.945,-10.377,-78.914
ETH-3,588,2019-06b,6.259,12.303,18.361,24.043,-48.281
ETH-4,589,2019-06b,-5.526,-4.998,-10.998,-10.883,-93.066
ETH-1,590,2019-06b,6.555,11.89,17.936,23.13,-30.132
ETH-1,591,2019-06c,6.569,11.838,17.971,23.035,-103.428
ETH-2,592,2019-06c,-5.393,-4.792,-10.798,-10.334,-132.922
ETH-3,593,2019-06c,6.31,12.362,18.497,24.327,-65.671
ETH-4,594,2019-06c,-5.495,-4.959,-10.936,-10.582,-108.688
CA170,595,2019-06c,-0.166,-17.493,-17.872,-35.19,-128.74
CA170,596,2019-06c,-0.161,-17.486,-17.799,-35.31,-120.495
CA170,597,2019-06c,-0.174,-17.548,-17.92,-35.669,-161.722
CA170,598,2019-06c,-0.159,-17.499,-17.821,-35.505,-124.121
CA170,599,2019-06c,-0.145,-17.498,-17.844,-35.326,-130.912
ETH-1,600,2019-06c,6.56,11.863,17.916,22.927,-76.346
ETH-2,601,2019-06c,-5.413,-4.9,-10.97,-10.734,-98.156
ETH-3,602,2019-06c,6.253,12.33,18.335,23.552,-119.617
ETH-4,603,2019-06c,-5.466,-4.947,-10.86,-10.36,-39.909
ETH-1,604,2019-06c,6.525,11.887,17.858,22.759,-89.846
ETH-2,605,2019-06c,-5.425,-4.847,-10.925,-10.495,-110.72
ETH-3,606,2019-06c,6.24,12.294,18.34,23.992,-60.682
ETH-4,607,2019-06c,-5.504,-4.957,-10.963,-10.489,-96.269
ETH-1,608,2019-06c,6.567,11.911,17.99,23.118,-61.666
ETH-2,609,2019-06c,-5.431,-4.889,-10.942,-10.586,-115.196
ETH-3,610,2019-06c,6.284,12.363,18.444,24.283,-15.512
ETH-4,611,2019-06c,-5.51,-5.005,-10.989,-10.911,-129.446
ETH-1,612,2019-06c,6.554,11.919,17.929,22.48,-114.547
ETH-2,613,2019-06c,-5.445,-4.87,-10.932,-10.625,-126.623
ETH-3,614,2019-06c,6.297,12.382,18.432,24.24,-19.212
ETH-4,615,2019-06c,-5.537,-5.002,-11.025,-10.922,-132.014
ETH-1,616,2019-06c,6.577,11.93,18.016,23.337,-13.707
ETH-1,617,2019-06c,6.547,11.825,17.828,22.689,-252.175
ETH-2,618,2019-06c,-5.431,-4.847,-10.933,-10.67,-204.746
ETH-3,619,2019-06c,6.28,12.402,18.447,23.997,-133.652
ETH-4,620,2019-06c,-5.516,-4.991,-10.943,-10.655,-156.906
CA170,621,2019-06c,-0.157,-17.512,-17.85,-35.285,-148.548
CA170,622,2019-06c,-0.158,-17.508,-17.835,-35.447,-148.877
CA170,623,2019-06c,-0.167,-17.544,-17.893,-35.892,-223.077
CA170,624,2019-06c,-0.153,-17.495,-17.873,-35.683,-177.172
CA170,625,2019-06c,-0.149,-17.524,-17.884,-35.716,-192.339
ETH-1,626,2019-06c,6.556,11.881,17.917,22.855,-107.113
ETH-2,627,2019-06c,-5.42,-4.884,-10.879,-10.239,-105.647
ETH-3,628,2019-06c,6.296,12.376,18.462,24.117,-82.022
ETH-4,629,2019-06c,-5.541,-5.029,-11.094,-11.469,-225.694
ETH-1,630,2019-06c,6.576,11.913,18.049,23.812,18.081
ETH-2,631,2019-06c,-5.439,-4.865,-10.948,-10.536,-143.421
ETH-3,632,2019-06c,6.287,12.351,18.432,24.273,-64.707
ETH-4,633,2019-06c,-5.528,-5.024,-11.025,-10.772,-153.937
ETH-1,634,2019-06c,6.578,11.934,17.982,23.054,-32.623
ETH-2,635,2019-06c,-5.428,-4.869,-10.917,-10.206,-60.58
ETH-3,636,2019-06c,6.265,12.439,18.501,24.232,-14.702
ETH-4,637,2019-06c,-5.502,-4.994,-10.922,-10.371,-72.537
ETH-1,638,2019-06c,6.564,11.851,17.887,22.919,-67.316
ETH-2,639,2019-06c,-5.429,-4.853,-10.925,-10.471,-87.443
ETH-3,640,2019-06c,6.294,12.366,18.484,24.291,-9.26
ETH-4,641,2019-06c,-5.42,-4.76,-10.634,-9.891,-4.55
ETH-1,642,2019-06c,6.557,11.914,17.98,23.18,-47.133
ETH-2,643,2019-06c,-5.434,-4.871,-10.966,-10.904,-230.774
ETH-4,644,2019-06c,-5.533,-5.027,-11.026,-10.921,-164.342
CA170,645,2019-06c,-0.159,-17.508,-17.9,-35.639,-191.165
CA170,646,2019-06c,-0.16,-17.516,-17.887,-35.568,-133.726
CA170,647,2019-06c,-0.146,-17.481,-17.81,-35.27,-147.816
CA170,648,2019-06c,-0.166,-17.519,-17.895,-35.42,-147.571
CA170,649,2019-06c,-0.163,-17.525,-17.86,-35.691,-153.433
ETH-1,650,2019-06c,6.562,11.895,17.918,22.811,-102.343
ETH-2,651,2019-06c,-5.394,-4.861,-10.886,-10.071,-62.975
ETH-3,652,2019-06c,6.274,12.354,18.436,23.971,-74.317
ETH-2,653,2019-06c,-5.443,-4.895,-10.953,-10.624,-137.721
ETH-3,654,2019-06c,6.271,12.314,18.382,23.884,-68.089
ETH-4,655,2019-06c,-5.517,-4.995,-10.968,-10.574,-101.306
ETH-1,656,2019-06c,6.56,11.889,17.895,22.812,-65.916
ETH-2,657,2019-06c,-5.431,-4.881,-10.939,-10.522,-116.621
ETH-3,658,2019-06c,6.273,12.382,18.426,23.747,-119.314
ETH-4,659,2019-06c,-5.531,-5.048,-11.088,-11.09,-152.602
ETH-1,660,2019-06c,6.567,11.868,17.944,22.836,-62.528
ETH-2,661,2019-06c,-5.436,-4.85,-10.983,-11.318,-158.166
ETH-3,662,2019-06c,6.28,12.338,18.37,23.436,-70.273
ETH-1,663,2019-06c,6.565,11.916,17.945,23.013,-48.076
ETH-1,664,2019-06c,6.544,11.846,17.874,22.611,-205.373
ETH-2,665,2019-06c,-5.324,-4.7,-10.645,-9.791,-87.532
ETH-3,666,2019-06c,6.266,12.399,18.427,23.965,-93.76
ETH-4,667,2019-06c,-5.518,-5.011,-10.947,-10.663,-100.252
CA170,668,2019-06c,-0.169,-17.541,-17.885,-35.475,-119.228
CA170,669,2019-06c,-0.164,-17.525,-17.894,-35.248,-101.763
CA170,670,2019-06c,-0.161,-17.533,-17.876,-35.624,-139.597
CA170,671,2019-06c,-0.171,-17.529,-17.902,-35.439,-134.387
CA170,672,2019-06c,-0.153,-17.518,-17.821,-34.915,-68.71
ETH-1,673,2019-06c,6.533,11.836,17.86,22.817,-81.639
ETH-2,674,2019-06c,-5.44,-4.92,-10.971,-10.343,-67.031
ETH-3,675,2019-06c,6.304,12.382,18.495,24.589,12.314
ETH-4,676,2019-06c,-5.52,-5.044,-11.042,-10.674,-87.069
ETH-1,677,2019-06c,6.579,11.924,18.007,23.655,36.245
ETH-2,678,2019-06c,-5.442,-4.885,-10.972,-10.724,-132.113
ETH-3,679,2019-06c,6.291,12.317,18.394,24.193,-38.448
ETH-4,680,2019-06c,-5.523,-5.018,-10.986,-10.515,-85.815
ETH-1,681,2019-06c,6.576,11.91,17.973,23.319,-14.809
ETH-2,682,2019-06c,-5.444,-4.926,-11.064,-10.976,-130.961
ETH-3,683,2019-06c,6.254,12.351,18.391,24.024,-54.345
ETH-4,684,2019-06c,-5.521,-5.04,-11.062,-11.174,-132.761
CA200,685,2019-06c,-1.387,-19.751,-21.319,-39.626,-112.27
CA200,686,2019-06c,-1.378,-19.762,-21.322,-39.763,-107.783
CA200,687,2019-06c,-1.378,-19.801,-21.351,-39.848,-100.173
CA200,688,2019-06c,-1.367,-19.749,-21.298,-39.4,-73.538
ETH-1,689,2019-06c,6.587,11.852,17.885,22.732,-57.937
ETH-2,690,2019-06c,-5.388,-4.777,-10.848,-10.011,-30.45
ETH-3,691,2019-06c,6.267,12.339,18.336,23.36,-110.862
ETH-4,692,2019-06c,-5.512,-4.97,-10.929,-10.19,-46.395
ETH-1,693,2019-06c,6.565,11.908,17.957,23.317,-29.958
ETH-2,694,2019-06d,-5.386,-4.807,-10.79,-9.726,-87.743
ETH-3,695,2019-06d,6.287,12.372,18.494,24.533,-18.781
CA200,696,2019-06d,-1.368,-19.764,-21.331,-39.689,-123.916
CA200,697,2019-06d,-1.388,-19.83,-21.446,-39.945,-166.331
CA200,698,2019-06d,-1.348,-19.755,-21.314,-39.707,-104.539
ETH-2,699,2019-06d,-5.458,-4.952,-11.092,-10.917,-132.015
ETH-4,700,2019-06d,-5.516,-5.017,-11.005,-10.89,-101.291
ETH-1,701,2019-06d,6.552,11.844,17.877,22.632,-90.446
ETH-1,702,2019-06d,6.54,11.824,17.867,22.739,-189.812
CA200,703,2019-06d,-1.35,-19.664,-21.175,-39.602,-174.795
CA200,704,2019-06d,-1.375,-19.758,-21.282,-39.733,-143.286
ETH-1,705,2019-06d,6.582,11.943,18.05,23.581,0.75
ETH-3,706,2019-06d,6.307,12.404,18.506,24.532,-38.847
ETH-4,707,2019-06d,-5.492,-4.982,-10.928,-10.318,-56.956
ETH-1,708,2019-06d,6.546,11.859,17.888,22.76,-75.53
ETH-2,709,2019-06d,-5.438,-4.868,-10.925,-10.722,-139.464
ETH-3,710,2019-06d,6.288,12.402,18.5,24.872,40.588
ETH-4,711,2019-06d,-5.522,-5.027,-11.03,-10.797,-88.98
ETH-1,712,2019-06d,6.56,11.811,17.831,22.84,-67.618
ETH-2,713,2019-06d,-5.437,-4.848,-10.866,-10.279,-84.986
ETH-3,714,2019-06d,6.285,12.334,18.458,24.38,-19.344
ETH-4,715,2019-06d,-5.508,-4.987,-10.983,-10.923,-131.406
ETH-1,716,2019-06d,6.553,11.846,17.885,22.7,-169.225
ETH-2,717,2019-06d,-5.441,-4.882,-11.001,-10.788,-192.012
ETH-3,718,2019-06d,6.3,12.367,18.443,23.944,-109.426
ETH-4,719,2019-06d,-5.497,-4.97,-10.917,-10.543,-111.596
CA200,720,2019-06d,-1.375,-19.734,-21.286,-39.446,-158.153
CA200,721,2019-06d,-1.359,-19.724,-21.315,-39.933,-181.171
CA200,722,2019-06d,-1.357,-19.737,-21.241,-39.134,-74.411
CA200,723,2019-06d,-1.374,-19.722,-21.219,-39.206,-86.233
CA200,724,2019-06d,-1.398,-19.796,-21.374,-40.255,-198.276
ETH-1,725,2019-06d,6.554,11.882,17.904,23.085,-89.376
ETH-2,726,2019-06d,-5.441,-4.853,-10.922,-9.921,-59.917
ETH-3,727,2019-06d,6.292,12.384,18.48,24.144,-93.121
ETH-4,728,2019-06d,-5.534,-5.055,-11.077,-11.326,-206.272
ETH-1,729,2019-06d,6.582,11.91,17.956,23.063,-92.2
ETH-2,730,2019-06d,-5.422,-4.845,-10.9,-10.392,-105.753
ETH-3,731,2019-06d,6.24,12.326,18.328,23.794,-96.643
ETH-4,732,2019-06d,-5.425,-4.858,-10.758,-10.072,-62.617
ETH-1,733,2019-06d,6.565,11.843,17.911,23.557,30.697
ETH-2,734,2019-06d,-5.428,-4.888,-10.947,-10.644,-121.483
ETH-3,735,2019-06d,6.287,12.346,18.415,24.262,-27.551
ETH-4,736,2019-06d,-5.544,-5.024,-11.088,-11.261,-147.141
CA70,737,2019-06d,3.194,-6.37,-3.401,-13.746,-160.155
CA70,738,2019-06d,3.25,-6.373,-3.372,-13.854,-125.55
CA70,739,2019-06d,3.26,-6.339,-3.265,-13.274,-58.16
CA70,740,2019-06d,3.235,-6.394,-3.293,-12.838,-37.161
CA70,741,2019-06d,3.245,-6.345,-3.265,-12.967,-45.232
ETH-2,742,2019-06d,-5.423,-4.834,-10.953,-10.345,-128.261
ETH-3,743,2019-06d,6.289,12.36,18.372,23.812,-136.98
ETH-4,744,2019-06d,-5.505,-4.951,-10.936,-10.641,-145.181
ETH-1,745,2019-06d,6.566,11.946,18.027,23.597,-17.683
ETH-1,746,2019-06d,6.549,11.857,17.875,22.664,-240.725
ETH-2,747,2019-06d,-5.427,-4.834,-10.91,-10.738,-247.584
ETH-3,748,2019-06d,6.273,12.374,18.438,23.89,-116.768
ETH-4,749,2019-06d,-5.5,-4.968,-10.91,-10.559,-141.885
CA200,750,2019-06d,-1.382,-19.733,-21.276,-39.574,-191.647
CA200,751,2019-06d,-1.374,-19.714,-21.318,-40.21,-241.426
CA200,752,2019-06d,-1.368,-19.721,-21.298,-39.95,-218.862
CA200,753,2019-06d,-1.358,-19.698,-21.26,-39.852,-176.6
CA200,754,2019-06d,-1.4,-19.774,-21.402,-40.341,-262.65
ETH-1,755,2019-06d,6.538,11.889,17.881,22.582,-162.242
ETH-3,756,2019-06d,6.336,12.459,18.554,24.597,-21.927
ETH-4,757,2019-06d,-5.493,-4.978,-10.961,-10.394,-93.878
ETH-1,758,2019-06d,6.558,11.865,17.847,22.584,-135.623
ETH-2,759,2019-06d,-5.414,-4.82,-10.886,-10.408,-104.168
ETH-3,760,2019-06d,6.287,12.378,18.443,24.072,-57.555
ETH-4,761,2019-06d,-5.52,-4.987,-10.967,-10.475,-92.329
ETH-1,762,2019-06d,6.606,12.04,18.122,24.284,41.921
ETH-2,763,2019-06d,-5.403,-4.773,-10.851,-9.771,-11.404
ETH-3,764,2019-06d,6.28,12.449,18.51,25.079,37.045
CA70,765,2019-06d,3.184,-6.36,-3.416,-13.707,-115.024
CA70,766,2019-06d,3.214,-6.398,-3.393,-13.708,-104.281
CA70,767,2019-06d,3.292,-6.304,-3.17,-12.728,-0.602
CA70,768,2019-06d,3.264,-6.294,-3.215,-12.894,-35.752
ETH-1,769,2019-06d,6.576,11.895,17.983,23.309,-19.048
ETH-2,770,2019-06d,-5.423,-4.82,-10.908,-10.652,-102.124
ETH-3,771,2019-06d,6.309,12.42,18.47,24.072,-61.777
ETH-4,772,2019-06d,-5.505,-4.947,-10.905,-10.436,-65.576
ETH-1,773,2019-06d,6.563,11.898,17.942,23.153,-19.855
ETH-1,774,2019-07,6.592,11.925,18.017,22.722,-36.663
ETH-2,775,2019-07,-5.389,-4.783,-10.769,-9.673,-55.612
ETH-3,776,2019-07,6.282,12.3,18.377,24.236,-54.661
ETH-4,777,2019-07,-5.508,-4.974,-10.936,-10.126,-48.638
CA250_06,778,2019-07,-3.322,-21.976,-25.437,-43.776,-78.35
CA250_06,779,2019-07,-3.31,-21.867,-25.308,-43.645,-66.658
CA250_06,780,2019-07,-3.329,-21.951,-25.448,-44.153,-143.104
CA250_06,781,2019-07,-3.293,-21.884,-25.378,-43.804,-102.113
CA250_06,782,2019-07,-3.31,-22.003,-25.445,-43.501,-40.36
ETH-1,783,2019-07,6.553,11.825,17.827,22.74,-76.485
ETH-2,784,2019-07,-5.396,-4.859,-10.927,-10.548,-73.833
ETH-3,785,2019-07,6.288,12.367,18.441,24.452,-4.423
ETH-4,786,2019-07,-5.492,-4.925,-10.883,-10.399,-72.19
ETH-2,787,2019-07,-5.442,-4.908,-11.053,-10.954,-133.528
ETH-3,788,2019-07,6.287,12.39,18.501,24.532,-36.708
ETH-4,789,2019-07,-5.532,-4.989,-10.974,-10.31,-78.717
ETH-3,790,2019-07,6.309,12.297,18.4,24.132,-21.971
ETH-3,791,2019-07,6.308,12.327,18.431,24.228,-29.084
ETH-3,792,2019-07,6.364,12.402,18.545,24.374,-8.194
ETH-3,793,2019-07,6.33,12.407,18.538,24.741,9.603
ETH-3,794,2019-07,6.335,12.381,18.467,23.539,-108.873
ETH-1,795,2019-07,6.564,11.863,17.899,23.033,-49.883
ETH-2,796,2019-07,-5.423,-4.907,-10.966,-10.732,-98.83
ETH-3,797,2019-07,6.283,12.409,18.465,24.144,-57.796
ETH-4,798,2019-07,-5.516,-5.023,-11.021,-11.083,-128.925
CA70,799,2019-07,3.133,-6.596,-3.659,-13.654,-50.029
CA70,800,2019-07,3.242,-6.371,-3.271,-13.024,-53.268
CA70,801,2019-07,3.252,-6.328,-3.31,-13.508,-110.218
CA70,802,2019-07,3.243,-6.367,-3.266,-13.003,-36.664
CA70,803,2019-07,3.213,-6.363,-3.342,-13.372,-100.259
ETH-1,804,2019-07,6.551,11.832,17.846,22.57,-92.577
ETH-2,805,2019-07,-5.422,-4.854,-10.965,-10.833,-133.424
ETH-3,806,2019-07,6.26,12.365,18.39,23.539,-86.968
ETH-4,807,2019-07,-5.505,-4.973,-10.993,-11.007,-93.992
CA200,808,2019-07,-1.387,-19.761,-21.312,-39.611,-96.736
CA200,809,2019-07,-1.409,-19.765,-21.378,-40.1,-142.615
CA200,810,2019-07,-1.367,-19.695,-21.196,-39.126,-55.192
CA200,811,2019-07,-1.382,-19.65,-21.218,-39.564,-101.409
CA200,812,2019-07,-1.399,-19.815,-21.396,-39.926,-119.108
ETH-1,813,2019-07,6.58,11.918,17.971,23.204,-50.62
ETH-2,814,2019-07,-5.424,-4.869,-10.964,-10.259,-193.816
ETH-3,815,2019-07,6.275,12.318,18.415,24.242,-69.467
ETH-4,816,2019-07,-5.522,-5.004,-10.957,-10.547,-108.701
ETH-1,817,2019-07,6.57,11.893,17.934,23.064,-44.548
ETH-2,818,2019-07,-5.407,-4.876,-10.898,-9.912,-27.681
ETH-3,819,2019-07,6.25,12.353,18.386,23.884,-75.563
ETH-4,820,2019-07,-5.488,-4.931,-10.881,-8.947,-20.83
ETH-1,821,2019-07,6.585,11.854,17.895,23.095,-10.988
ETH-2,822,2019-07,-5.426,-4.872,-10.959,-10.538,-82.482
ETH-3,823,2019-07,6.265,12.333,18.364,23.769,-78.884
ETH-4,824,2019-07,-5.512,-4.991,-10.99,-10.652,-57.93
ETH-1,825,2019-07,6.545,11.822,17.823,22.531,-104.64
ETH-2,826,2019-07,-5.292,-4.767,-10.667,-7.71,104.135
ETH-3,827,2019-07,6.313,12.402,18.479,25.377,70.591
ETH-4,828,2019-07,-5.482,-4.954,-10.917,-9.844,-15.543
ETH-1,829,2019-07,6.541,11.885,17.855,22.713,-92.141
ETH-2,830,2019-07,-5.453,-4.877,-11.037,-11.092,-141.69
ETH-3,831,2019-07,6.255,12.336,18.389,24.068,-50.011
ETH-1,832,2019-07,6.58,11.925,18.002,23.253,-8.461
ETH-2,1155,2019-10a,-5.456,-4.93,-11.06,-10.658,-175.496
ETH-3,1156,2019-10a,6.246,12.27,18.222,23.714,-107.734
ETH-4,1157,2019-10a,-5.521,-5.019,-11.038,-10.76,-102.379
CA250_09,1158,2019-10a,-2.689,-20.494,-23.439,-41.521,-130.355
CA250_09,1159,2019-10a,-2.681,-20.46,-23.35,-41.208,-110.636
CA250_09,1160,2019-10a,-2.669,-20.512,-23.367,-41.052,-78.88
CA250_09,1161,2019-10a,-2.696,-20.48,-23.419,-41.434,-131.753
CA250_09,1162,2019-10a,-2.681,-20.52,-23.432,-41.539,-132.948
ETH-2,1163,2019-10a,-4.202,-3.215,-8.084,-6.78,-81.174
ETH-3,1164,2019-10a,5.68,11.641,17.008,22.444,-86.609
ETH-1,1165,2019-10a,6.479,11.708,17.654,22.465,-102.412
ETH-3,1166,2019-10a,6.223,12.241,18.204,23.259,-133.826
ETH-1,1167,2019-10b,6.508,11.789,17.786,23.147,-94.835
ETH-2,1168,2019-10b,-5.458,-4.887,-11.004,-10.646,-167.588
ETH-3,1169,2019-10b,6.252,12.309,18.333,24.017,-74.113
ETH-4,1170,2019-10b,-5.513,-4.937,-10.908,-10.327,-82.709
CA250_09,1171,2019-10b,-2.7,-20.377,-23.273,-41.108,-103.743
CA250_09,1172,2019-10b,-2.69,-20.364,-23.237,-40.813,-91.628
CA250_09,1173,2019-10b,-2.68,-20.388,-23.202,-40.701,-32.819
CA250_09,1174,2019-10b,-2.672,-20.313,-23.178,-40.99,-101.732
CA250_09,1175,2019-10b,-2.721,-20.508,-23.403,-41.145,-91.837
ETH-1,1176,2019-10b,6.539,11.796,17.835,22.844,-18.354
ETH-2,1177,2019-10b,-5.476,-5.004,-11.156,-10.908,-60.091
ETH-3,1178,2019-10b,6.219,12.23,18.201,23.589,-65.143
ETH-1,1179,2019-10b,6.524,11.765,17.751,23.109,-15.302
ETH-2,1180,2019-10b,-5.447,-4.864,-10.976,-10.462,-67.852
ETH-3,1181,2019-10b,6.242,12.253,18.314,24.094,3.827
ETH-4,1182,2019-10b,-5.527,-5.006,-11.003,-10.676,-39.689
ETH-1,1183,2019-10b,6.536,11.846,17.883,22.939,6.16
ETH-2,1184,2019-10b,-5.457,-4.924,-11,-10.382,-24.771
ETH-3,1185,2019-10b,6.24,12.26,18.333,24.141,25.824
ETH-4,1186,2019-10b,-5.524,-5.014,-11.004,-10.973,-55.01
ETH-1,1187,2019-10b,6.507,11.805,17.778,22.346,-39.722
ETH-2,1188,2019-10b,-5.431,-4.832,-10.9,-10.647,-34.067
ETH-3,1189,2019-10b,6.227,12.238,18.234,23.716,0.499
ETH-4,1190,2019-10b,-5.528,-4.998,-11,-10.906,-36.613
ETH-1,1191,2019-10b,6.52,11.82,17.831,22.74,-40.433
ETH-1,1192,2019-10b,6.542,11.783,17.762,22.427,-179.578
ETH-2,1193,2019-10b,-5.453,-4.896,-11.032,-11.035,-191.699
ETH-3,1194,2019-10b,6.258,12.281,18.291,23.513,-110.95
ETH-4,1195,2019-10b,-5.529,-5.028,-11.072,-11.056,-128.497
CA250_09,1196,2019-10b,-2.697,-20.502,-23.459,-41.647,-177.21
CA250_09,1197,2019-10b,-2.673,-20.421,-23.341,-40.997,-117.953
CA250_09,1198,2019-10b,-2.682,-20.468,-23.438,-41.638,-148.317
CA250_09,1199,2019-10b,-2.687,-20.436,-23.358,-41.438,-138.824
CA250_09,1200,2019-10b,-2.69,-20.47,-23.333,-41.363,-122.426
ETH-1,1201,2019-10b,6.531,11.757,17.749,22.62,-76.72
ETH-2,1202,2019-10b,-5.442,-4.948,-11.075,-11.273,-134.367
ETH-3,1203,2019-10b,6.287,12.307,18.356,23.415,-73.903
ETH-4,1204,2019-10b,-5.524,-5.029,-11.059,-11.375,-117.392
ETH-1,1205,2019-10b,6.539,11.849,17.841,22.4,-104.62
ETH-2,1206,2019-10b,-5.437,-4.85,-10.939,-10.653,-97.033
ETH-3,1207,2019-10b,6.26,12.288,18.32,23.729,-52.566
ETH-4,1208,2019-10b,-5.534,-5.019,-10.994,-10.888,-79.555
ETH-1,1209,2019-10b,6.514,11.79,17.757,22.569,-109.115
ETH-2,1210,2019-10b,-5.458,-4.897,-11.068,-10.764,-154.486
ETH-3,1211,2019-10b,6.254,12.255,18.3,23.88,-7.754
ETH-4,1212,2019-10b,-5.53,-5.032,-11.059,-11.205,-135.002
ETH-1,1213,2019-10b,6.554,11.851,17.851,22.484,-49.597
ETH-2,1214,2019-10b,-5.454,-4.889,-11.014,-10.74,-90.429
ETH-3,1215,2019-10b,6.254,12.273,18.287,23.553,-52.523
ETH-4,1216,2019-10b,-5.52,-5.009,-10.974,-10.7,-43.864
ETH-1,1217,2019-10b,6.544,11.818,17.8,22.716,-71.624
ETH-1,1218,2019-10b,6.568,11.856,17.918,23.137,-96.088
ETH-2,1219,2019-10b,-6.865,-8.157,-15.627,-15.903,-86.882
ETH-3,1220,2019-10b,6.332,12.999,19.028,25.26,-87.717
ETH-4,1221,2019-10b,-6.481,-7.137,-14.037,-14.689,-140.317
ETH-1,1222,2019-10b,6.532,11.834,17.814,23.005,-61.212
ETH-2,1223,2019-10b,-5.444,-4.894,-10.958,-10.541,-75.956
ETH-3,1224,2019-10b,6.236,12.23,18.23,24.087,-22.09
ETH-4,1225,2019-10b,-5.509,-4.998,-10.967,-10.916,-107.135
CA250_09,1226,2019-10b,-2.69,-20.428,-23.383,-41.438,-146.83
CA250_09,1227,2019-10b,-2.686,-20.472,-23.366,-41.186,-118.173
CA250_09,1228,2019-10b,-2.678,-20.421,-23.297,-40.996,-84.274
CA250_09,1229,2019-10b,-2.691,-20.5,-23.425,-41.491,-147.231
CA250_09,1230,2019-10b,-2.678,-20.439,-23.272,-40.763,-57.018
ETH-1,1231,2019-10b,6.505,11.712,17.638,21.892,-117.942
ETH-2,1232,2019-10b,-5.441,-4.896,-11.015,-10.935,-105.197
ETH-3,1233,2019-10b,6.269,12.271,18.332,24.211,1.568
ETH-4,1234,2019-10b,-5.539,-5.024,-11.083,-11.265,-100.757
ETH-1,1235,2019-10b,6.544,11.777,17.803,22.855,-9.566
ETH-2,1236,2019-10b,-5.458,-4.967,-11.128,-11.105,-93.91
ETH-3,1237,2019-10b,6.264,12.33,18.371,23.878,-7.052
ETH-4,1238,2019-10b,-5.533,-5.057,-11.101,-11.256,-99.203
ETH-1,1239,2019-10b,6.542,11.775,17.745,22.186,-47.423
ETH-2,1240,2019-10b,-5.457,-4.922,-11.059,-11.029,-63.417
ETH-3,1241,2019-10b,6.268,12.262,18.292,23.55,-36.704
ETH-4,1242,2019-10b,-5.506,-5.009,-11.001,-10.726,-40.131
ETH-1,1243,2019-10b,6.557,11.831,17.839,22.524,-32.981
ETH-1,1244,2019-10b,6.571,11.869,17.902,22.897,-217.196
ETH-2,1245,2019-10b,-5.401,-4.78,-10.851,-10.478,-180.117
ETH-3,1246,2019-10b,6.271,12.314,18.335,23.634,-109.451
ETH-4,1247,2019-10b,-5.529,-5.019,-11.009,-10.886,-126.041
CA250_06,1248,2019-10b,-3.346,-22.029,-25.549,-44.262,-128.769
CA250_06,1249,2019-10b,-3.331,-21.997,-25.505,-44.344,-124.847
CA250_06,1250,2019-10b,-3.343,-22.036,-25.621,-44.767,-158.273
CA250_06,1251,2019-10b,-3.364,-22.052,-25.669,-45.003,-187.323
CA250_06,1252,2019-10b,-3.307,-22.024,-25.54,-44.168,-79.292
ETH-1,1253,2019-10b,6.529,11.764,17.754,22.434,-87.873
ETH-2,1254,2019-10b,-5.453,-4.939,-11.054,-10.772,-94.147
ETH-3,1255,2019-10b,6.284,12.348,18.448,23.91,-54.421
ETH-4,1256,2019-10b,-5.505,-5.011,-10.984,-10.436,-39.925
CA70,1257,2019-10b,3.227,-6.444,-3.404,-13.518,-73.511
CA70,1258,2019-10b,3.219,-6.418,-3.437,-14.052,-110.099
CA70,1259,2019-10b,3.239,-6.392,-3.341,-13.851,-93.417
CA70,1260,2019-10b,3.199,-6.441,-3.463,-13.815,-86.281
CA70,1261,2019-10b,3.236,-6.402,-3.389,-13.694,-68.441
ETH-1,1262,2019-10b,6.521,11.747,17.738,22.309,-59.404
ETH-2,1263,2019-10b,-5.38,-4.814,-10.823,-10.163,-52.007
ETH-3,1264,2019-10b,6.245,12.257,18.268,23.709,-61.669
ETH-4,1265,2019-10b,-5.511,-4.987,-11.006,-11.215,-147.434
ETH-1,1266,2019-10b,6.539,11.829,17.768,22.63,-72.537
ETH-4,1267,2019-10b,-5.52,-5.018,-11.001,-10.807,-71.078
ETH-1,1268,2019-10b,6.524,11.778,17.734,22.357,-91.985
ETH-2,1269,2019-10b,-5.404,-4.824,-10.848,-9.805,65.964
ETH-3,1270,2019-10b,6.246,12.267,18.307,23.921,1.475
ETH-4,1271,2019-10b,-5.529,-5.024,-11.047,-10.789,-11.829
ETH-1,1272,2019-10b,6.519,11.831,17.798,22.852,-24.995
ETH-1,1273,2019-10b,6.572,11.867,17.918,23.04,-314.305
ETH-3,1274,2019-10b,6.251,12.232,18.253,23.547,-169.312
ETH-4,1275,2019-10b,-5.529,-5.039,-11.037,-11.175,-232.28
CA70,1276,2019-10b,3.182,-6.468,-3.474,-14.023,-198.489
CA70,1277,2019-10b,3.209,-6.416,-3.417,-13.71,-115.142
CA70,1278,2019-10b,3.195,-6.46,-3.443,-13.514,-117.098
CA70,1279,2019-10b,3.188,-6.392,-3.445,-14.052,-233.525
CA70,1280,2019-10b,3.218,-6.412,-3.456,-14.201,-183.294
ETH-1,1281,2019-10b,6.536,11.804,17.769,22.524,-100.267
ETH-2,1282,2019-10b,-5.476,-4.965,-11.123,-11.26,-162.242
ETH-3,1283,2019-10b,6.24,12.242,18.242,23.645,-64.832
ETH-4,1284,2019-10b,-5.544,-5.085,-11.099,-10.821,-75.538
CA250_06,1285,2019-10b,-3.32,-21.973,-25.434,-43.684,-36.255
CA250_06,1286,2019-10b,-3.307,-21.929,-25.447,-43.735,-134.582
CA250_06,1287,2019-10b,-3.32,-22.003,-25.493,-44.221,-134.505
CA250_06,1288,2019-10b,-3.337,-22.077,-25.639,-44.947,-225.248
CA250_06,1289,2019-10b,-3.339,-22.018,-25.606,-44.633,-185.349
ETH-1,1290,2019-10b,6.525,11.704,17.681,22.372,-65.487
ETH-2,1291,2019-10b,-5.46,-4.938,-11.046,-10.767,-110.087
ETH-3,1292,2019-10b,6.217,12.124,18.09,23.702,-52.653
ETH-4,1293,2019-10b,-5.491,-4.953,-10.946,-10.097,-21.538
CA250_09,1294,2019-10b,-2.7,-20.495,-23.449,-41.904,-201.271
CA250_09,1295,2019-10b,-2.671,-20.381,-23.327,-41.52,-162.981
CA250_09,1296,2019-10b,-2.676,-20.5,-23.456,-41.719,-143.689
CA250_09,1297,2019-10b,-2.683,-20.47,-23.383,-41.195,-88.873
CA250_09,1298,2019-10b,-2.648,-20.416,-23.222,-40.72,-12.826
ETH-1,1299,2019-10b,6.524,11.684,17.659,22.457,-29.436
ETH-2,1300,2019-10b,-5.436,-4.938,-11.064,-10.937,-116.601
ETH-3,1301,2019-10b,6.136,12.229,18.062,23.487,-56.225
ETH-4,1302,2019-10b,-5.518,-5.047,-11.056,-11.039,-93.521
ETH-1,1303,2019-10b,6.514,11.794,17.723,22.202,-154.957
ETH-2,1304,2019-10b,-5.432,-4.873,-10.962,-10.565,-65.732
ETH-3,1305,2019-10b,6.24,12.224,18.24,23.887,-5.711
ETH-4,1306,2019-10b,-5.534,-5.031,-11.034,-10.681,-63.345
ETH-1,1307,2019-10b,6.539,11.817,17.839,22.65,-46.149
ETH-1,1308,2019-10b,6.558,11.823,17.82,22.552,-302.96
ETH-2,1309,2019-10b,-5.432,-4.844,-10.928,-10.738,-242.089
ETH-3,1310,2019-10b,6.246,12.239,18.223,23.568,-137.279
ETH-4,1311,2019-10b,-5.534,-5.042,-11.068,-11.141,-197.22
ETH-1,1312,2019-10b,6.51,11.796,17.734,22.292,-122.496
ETH-2,1313,2019-10b,-5.437,-4.918,-11.072,-11.096,-120.511
ETH-3,1314,2019-10b,6.252,12.251,18.312,24.077,-5.381
ETH-4,1315,2019-10b,-5.567,-5.104,-11.169,-11.194,-118.442
ETH-1,1316,2019-10b,6.523,11.754,17.727,22.501,-75.494
ETH-2,1317,2019-10b,-5.449,-4.928,-11.076,-10.755,-100.577
ETH-3,1318,2019-10b,6.292,12.291,18.32,23.724,-64.795
ETH-4,1319,2019-10b,-5.513,-5.001,-11.018,-11.299,-161.915
ETH-1,1333,2019-10c,6.553,11.823,17.869,22.719,-180.199
ETH-2,1334,2019-10c,-5.443,-4.893,-10.973,-10.905,-187.315
ETH-3,1335,2019-10c,6.243,12.226,18.245,23.682,-71.636
ETH-4,1336,2019-10c,-5.531,-5.065,-11.09,-11.257,-157.925
CA250_06,1337,2019-10c,-3.332,-22.014,-25.554,-44.377,-139.878
CA250_06,1338,2019-10c,-3.34,-22.048,-25.59,-44.223,-119.171
CA250_06,1339,2019-10c,-3.356,-22.101,-25.659,-44.34,-123.006
CA250_06,1340,2019-10c,-3.342,-22.007,-25.606,-44.981,-177.772
CA250_06,1341,2019-10c,-3.323,-22.084,-25.639,-44.59,-107.285
ETH-1,1342,2019-10c,6.488,11.704,17.616,22.346,-82.83
ETH-3,1343,2019-10c,6.276,12.306,18.33,23.506,-74.299
ETH-4,1344,2019-10c,-5.515,-5.054,-11.05,-10.732,-65.959
ETH-1,1345,2019-10c,6.536,11.749,17.681,22.319,-63.649
ETH-2,1346,2019-10c,-5.454,-4.938,-11.031,-10.715,-61.631
ETH-3,1347,2019-10c,6.258,12.246,18.268,23.992,-26.486
ETH-4,1348,2019-10c,-5.516,-4.989,-11.037,-11.013,-81.985
ETH-3,1349,2019-10c,6.349,12.308,18.398,23.506,-67.414
ETH-3,1350,2019-10c,6.364,12.385,18.489,23.918,-55.283
ETH-3,1351,2019-10c,6.375,12.375,18.534,23.986,-13.049
ETH-3,1352,2019-10c,6.37,12.379,18.509,23.949,-17.115
ETH-1,1353,2019-10c,6.525,11.777,17.761,22.73,-29.844
ETH-2,1354,2019-10c,-5.447,-4.92,-11.064,-10.989,-107.75
ETH-3,1355,2019-10c,6.255,12.346,18.358,23.893,-35.442
ETH-4,1356,2019-10c,-5.505,-5.026,-10.995,-10.5,-15.464
ETH-1,1357,2019-10c,6.524,11.807,17.799,22.624,-54.231
ETH-2,1358,2019-10c,-5.448,-4.896,-11.01,-10.621,-92.502
ETH-3,1359,2019-10c,6.276,12.307,18.32,23.781,-49.792
ETH-4,1360,2019-10c,-5.516,-4.979,-10.951,-10.506,-13.714
ETH-1,1361,2019-10c,6.54,11.817,17.775,22.594,-59.145
ETH-1,1362,2019-10c,6.559,11.832,17.788,22.818,-297.799
ETH-2,1363,2019-10c,-5.446,-4.877,-11.015,-11.021,-240.356
ETH-3,1364,2019-10c,6.26,12.302,18.297,23.454,-146.659
ETH-4,1365,2019-10c,-5.532,-5.045,-11.082,-11.163,-164.349
ETH-1,1366,2019-10c,6.537,11.796,17.764,22.691,-104.161
ETH-3,1367,2019-10c,6.252,12.261,18.244,23.709,-113.459
ETH-4,1368,2019-10c,-5.528,-5.09,-11.107,-11.327,-160.162
CA250_06,1369,2019-10c,-3.323,-21.987,-25.569,-44.012,-119.706
CA250_06,1370,2019-10c,-3.336,-22.063,-25.642,-44.858,-220.095
CA250_06,1371,2019-10c,-3.335,-22.013,-25.563,-44.715,-189.993
CA250_06,1372,2019-10c,-3.32,-22.026,-25.546,-44.501,-144.566
CA250_06,1373,2019-10c,-3.34,-22.025,-25.57,-44.606,-170.835
ETH-1,1374,2019-10c,6.525,11.738,17.704,22.676,-52.829
ETH-2,1375,2019-10c,-5.444,-4.925,-11.043,-10.769,-125.205
ETH-3,1376,2019-10c,6.256,12.229,18.271,23.654,-49.844
ETH-4,1377,2019-10c,-5.527,-5.03,-11.085,-11.201,-151.449
ETH-1,1378,2019-10c,6.501,11.809,17.792,22.703,-61.13
ETH-3,1379,2019-10c,6.276,12.475,18.561,24.042,-65.395
ETH-4,1380,2019-10c,-5.522,-5.056,-11.039,-11.018,-81.372
ETH-1,1381,2019-10c,6.517,11.809,17.787,22.736,-54.351
ETH-3,1382,2019-10c,6.247,12.242,18.261,23.734,-35.455
ETH-4,1383,2019-10c,-5.53,-5.044,-11.05,-11.012,-82.721
ETH-1,1384,2019-10c,6.553,11.862,17.82,22.492,-296.38
ETH-2,1385,2019-10c,-5.45,-4.89,-11.019,-10.94,-220.176
ETH-3,1386,2019-10c,6.218,12.238,18.226,23.48,-145.794
ETH-1,1387,2019-10c,6.517,11.777,17.783,22.461,-104.656
ETH-2,1388,2019-10c,-5.45,-4.969,-11.091,-11.058,-128.696
ETH-3,1389,2019-10c,6.261,12.292,18.309,23.838,-61.43
ETH-4,1390,2019-10c,-5.415,-4.942,-10.798,-9.978,-37.108
ETH-1,1391,2019-10c,6.57,11.832,17.852,22.897,-20.917
ETH-2,1392,2019-10c,-5.506,-5.006,-11.207,-11.206,-110.639
ETH-3,1393,2019-10c,6.237,12.248,18.249,23.425,-38.125
ETH-4,1394,2019-10c,-5.548,-5.091,-11.131,-11.251,-96.455
ETH-2,1395,2019-10c,-5.425,-4.88,-10.974,-10.458,-45.419
ETH-3,1396,2019-10c,6.263,12.292,18.309,23.563,-38.235
ETH-4,1397,2019-10c,-5.503,-5.017,-10.928,-10.065,39.913
ETH-1,1398,2019-10c,6.542,11.81,17.791,22.744,-20.775
ETH-2,1399,2019-10c,-5.45,-4.893,-10.99,-10.307,-1.616
ETH-3,1400,2019-10c,6.26,12.255,18.318,23.843,26.567
ETH-4,1401,2019-10c,-5.528,-5.04,-10.981,-10.258,24.165
ETH-1,1402,2019-10c,6.509,11.776,17.748,22.7,-6.112
ETH-1,1484,2019-11a,6.548,11.836,17.859,23.025,-102.324
ETH-2,1485,2019-11a,-5.578,-5.163,-11.43,-11.327,-184.703
ETH-3,1486,2019-11a,6.279,12.289,18.33,23.752,-105.801
ETH-4,1487,2019-11a,-5.584,-5.174,-11.255,-11.225,-153.552
ETH-1,1488,2019-11a,6.512,11.716,17.69,22.76,-42.712
ETH-2,1489,2019-11a,-5.439,-4.908,-10.951,-10.261,-31.513
ETH-3,1490,2019-11a,6.254,12.282,18.284,23.685,-64.463
ETH-4,1491,2019-11a,-5.52,-5.059,-11.059,-10.979,-83.334
CA250_06,1492,2019-11a,-3.357,-21.992,-25.549,-44.038,-74.262
CA250_06,1493,2019-11a,-3.346,-22.059,-25.584,-44.198,-80.112
CA250_06,1494,2019-11a,-3.33,-21.966,-25.479,-43.748,-64.311
CA250_06,1495,2019-11a,-3.336,-22.041,-25.571,-44.444,-83.347
CA250_06,1496,2019-11a,-3.368,-22.109,-25.701,-44.55,-115.548
ETH-1,1497,2019-11a,6.51,11.701,17.687,22.532,-41.078
ETH-2,1498,2019-11a,-5.455,-4.91,-11.016,-10.435,-37.205
ETH-3,1499,2019-11a,6.272,12.274,18.309,23.764,-21.155
ETH-4,1500,2019-11a,-5.533,-5.055,-11.103,-11.248,-97.977
CA250_09,1501,2019-11a,-2.682,-20.421,-23.269,-40.501,-21.669
CA250_09,1502,2019-11a,-2.7,-20.473,-23.398,-41.201,-78.162
CA250_09,1503,2019-11a,-2.678,-20.496,-23.373,-40.755,-35.207
CA250_09,1504,2019-11a,-2.68,-20.48,-23.401,-40.991,-74.945
CA250_09,1505,2019-11a,-2.68,-20.469,-23.349,-40.695,-48.427
ETH-1,1506,2019-11a,6.523,11.752,17.715,22.496,-42.901
ETH-2,1507,2019-11a,-5.409,-4.91,-10.974,-10.668,-65.622
ETH-3,1508,2019-11a,6.264,12.288,18.314,23.367,-55.96
ETH-4,1509,2019-11a,-5.502,-5.028,-11.001,-11.21,-87.199
ETH-2,1510,2019-11b,-5.609,-5.217,-11.419,-10.745,-115.016
ETH-3,1511,2019-11b,6.213,12.243,18.272,24.139,-129.413
ETH-4,1512,2019-11b,-5.531,-5.053,-11.009,-10.515,-99.258
ETH-4,1513,2019-11b,-5.542,-5.068,-11.042,-10.937,-41.427
CA250_09,1514,2019-11b,-2.698,-20.5,-23.373,-41.133,-21.552
CA250_09,1515,2019-11b,-2.704,-20.582,-23.477,-41.354,-46.496
ETH-2,1516,2019-11b,-5.432,-4.934,-10.964,-10.137,24.541
ETH-4,1517,2019-11b,-5.54,-5.097,-11.127,-10.952,-22.661
ETH-1,1638,2019-12a,6.544,11.832,17.858,23.021,-152.461
ETH-2,1639,2019-12a,-5.453,-4.867,-10.944,-10.574,-200.323
ETH-3,1640,2019-12a,6.245,12.288,18.292,24.08,-84.801
ETH-4,1641,2019-12a,-5.53,-5.035,-11.028,-10.838,-106.916
ETH-1,1642,2019-12a,6.501,11.831,17.87,23.126,-8.774
ETH-2,1643,2019-12a,-5.46,-4.942,-11.042,-11.118,-113.497
ETH-3,1644,2019-12a,6.253,12.319,18.441,24.228,22.314
ETH-4,1645,2019-12a,-5.543,-5.113,-11.154,-11.231,-76.904
CA726,1646,2019-12a,6.586,11.835,17.899,22.891,-100.281
CA726,1647,2019-12a,6.577,11.786,17.815,22.665,-91.365
CA726,1648,2019-12a,6.56,11.808,17.871,22.814,-71.434
CA726,1649,2019-12a,6.573,11.77,17.749,22.285,-106.476
ETH-1,1650,2019-12a,6.518,11.809,17.799,22.596,-70.068
ETH-2,1651,2019-12a,-5.462,-4.964,-11.135,-11.222,-125.532
ETH-3,1652,2019-12a,6.249,12.318,18.367,23.905,-39.158
ETH-4,1653,2019-12a,-5.517,-5.037,-11.051,-11.069,-75.317
CA726,1654,2019-12a,6.547,11.788,17.769,22.805,-30.017
CA726,1655,2019-12a,6.556,11.748,17.806,23.019,-22.396
CA726,1656,2019-12a,6.548,11.747,17.757,22.663,-40.089
ETH-1,1657,2019-12a,6.546,11.838,17.79,22.526,-42.67
ETH-2,1658,2019-12a,-5.453,-4.898,-11.043,-10.987,-72.158
ETH-3,1659,2019-12a,6.254,12.283,18.277,24.07,-24.814
ETH-4,1660,2019-12a,-5.528,-5.052,-11.083,-11.074,-62.389
CA726,1661,2019-12a,6.57,11.744,17.848,23.109,2.763
CA726,1662,2019-12a,6.579,11.822,17.903,23.388,17.248
CA726,1663,2019-12a,6.538,11.691,17.642,22.417,-48.479
CA726,1664,2019-12a,6.59,11.841,17.89,22.983,-36.922
CA726,1665,2019-12a,6.592,11.798,17.851,22.799,-32.32
ETH-1,1666,2019-12a,6.544,11.824,17.833,22.724,-28.093
ETH-1,1667,2019-12a,6.534,11.811,17.817,22.85,-178.18
ETH-2,1668,2019-12a,-5.452,-4.825,-10.925,-10.141,-128.665
ETH-3,1669,2019-12a,6.255,12.265,18.286,23.608,-168.551
ETH-4,1670,2019-12a,-5.525,-5.023,-11.039,-10.887,-139.92
CA726,1671,2019-12a,6.565,11.773,17.785,22.941,-93.71
CA726,1672,2019-12a,6.531,11.776,17.751,22.781,-73.863
CA726,1673,2019-12a,6.569,11.757,17.85,23.089,-2.773
CA726,1674,2019-12a,6.552,11.789,17.783,22.498,-111.873
CA726,1675,2019-12a,6.596,11.804,17.888,23.091,-18.439
ETH-1,1676,2019-12a,6.506,11.782,17.694,22.318,-100.122
ETH-2,1677,2019-12a,-5.425,-4.895,-10.943,-10.282,-55.33
ETH-3,1678,2019-12a,6.238,12.307,18.311,23.643,-79.183
ETH-4,1679,2019-12a,-5.504,-5.037,-11.042,-10.654,-57.923
CA726,1680,2019-12a,6.566,11.789,17.809,22.974,-10.868
CA726,1681,2019-12a,6.592,11.818,17.911,23.296,20.346
CA726,1682,2019-12a,6.566,11.803,17.837,22.304,-57.634
CA726,1683,2019-12a,6.593,11.828,17.887,22.649,-36.226
CA726,1684,2019-12a,6.572,11.799,17.804,22.572,-55.95
ETH-1,1685,2019-12a,6.533,11.807,17.752,22.49,-76.263
ETH-2,1686,2019-12a,-5.421,-4.879,-10.95,-10.178,-41.135
ETH-3,1687,2019-12a,6.25,12.301,18.303,23.447,-73.55
CA726,1688,2019-12a,6.57,11.811,17.917,23.556,-30.35
CA726,1689,2019-12a,6.571,11.788,17.853,22.914,-80.728
ETH-1,1690,2019-12a,6.577,11.893,17.939,23.763,-63.984
ETH-2,1691,2019-12a,-5.433,-4.927,-11.082,-10.958,-262.647
ETH-3,1692,2019-12a,6.237,12.384,18.359,24.276,-62.302
ETH-4,1693,2019-12a,-5.523,-5.061,-11.059,-10.819,-67.353
CA726,1694,2019-12a,6.576,11.767,17.784,23.149,46.976
CA726,1695,2019-12a,6.566,11.735,17.747,22.665,-18.949
CA726,1696,2019-12a,6.579,11.806,17.807,22.587,-81.219
CA726,1697,2019-12a,6.585,11.786,17.769,22.766,-13.015
CA726,1698,2019-12a,6.5,11.635,17.571,22.41,-15.356
ETH-1,1699,2019-12a,6.565,11.888,17.935,22.843,17.826
ETH-2,1700,2019-12a,-5.44,-4.908,-10.941,-10.34,-24.184
ETH-3,1701,2019-12a,6.275,12.3,18.437,23.98,55.817
ETH-4,1702,2019-12a,-5.518,-5.028,-11.01,-10.546,-29.936
CA726,1703,2019-12a,6.488,11.73,17.704,22.986,34.602
CA726,1704,2019-12a,6.605,11.823,17.92,22.869,39.811
CA726,1705,2019-12a,6.581,11.775,17.856,22.763,-7.614
CA726,1706,2019-12a,6.592,11.818,17.908,22.893,25.469
CA726,1707,2019-12a,6.577,11.762,17.79,22.582,-17.34
ETH-1,1708,2019-12a,6.538,11.838,17.82,22.94,-190.702
ETH-2,1709,2019-12a,-5.414,-4.835,-10.903,-10.456,-109.201
ETH-3,1710,2019-12a,6.261,12.277,18.326,23.614,-117.546
ETH-4,1711,2019-12a,-5.564,-4.988,-11.015,-10.882,-109.149
CA726,1712,2019-12a,6.57,11.756,17.788,22.388,-84.194
CA726,1713,2019-12a,6.577,11.798,17.852,22.972,-38.642
CA726,1714,2019-12a,6.575,11.773,17.847,22.888,-17.629
CA726,1715,2019-12a,6.581,11.811,17.827,22.475,-74.91
CA726,1716,2019-12a,6.57,11.761,17.819,22.679,-38.905
ETH-1,1717,2019-12a,6.558,11.851,17.91,23.112,11.23
ETH-2,1718,2019-12a,-5.463,-4.962,-11.102,-10.846,-103.459
ETH-3,1719,2019-12a,6.272,12.307,18.342,23.905,-15.322
ETH-4,1720,2019-12a,-5.527,-5.053,-10.986,-10.394,-5.919
CA726,1721,2019-12a,6.594,11.796,17.836,22.654,-41.064
CA726,1722,2019-12a,6.583,11.806,17.811,22.725,-62.956
CA726,1723,2019-12a,6.582,11.831,17.854,22.589,-29.795
CA726,1724,2019-12a,6.58,11.809,17.856,22.753,-17.863
CA726,1725,2019-12a,6.577,11.799,17.809,23.039,-2.539
ETH-1,1726,2019-12a,6.546,11.804,17.835,22.9,7.575
ETH-2,1727,2019-12a,-5.454,-4.94,-11.047,-10.663,-28.637
ETH-3,1728,2019-12a,6.253,12.258,18.316,24.204,30.57
ETH-4,1729,2019-12a,-5.527,-5.031,-11.044,-10.82,-39.248
CA726,1730,2019-12a,6.575,11.763,17.77,22.414,-29.473
CA726,1731,2019-12a,6.581,11.811,17.844,22.631,-19.96
CA726,1732,2019-12a,6.587,11.78,17.879,23.082,14.683
CA726,1733,2019-12a,6.573,11.803,17.859,23.023,20.345
CA726,1734,2019-12a,6.577,11.757,17.781,22.707,-0.042
ETH-1,1735,2019-12a,6.539,11.799,17.818,23.056,27.875
ETH-3,1736,2019-12a,6.255,12.293,18.302,23.876,23.858
CA726,1737,2019-12a,6.567,11.761,17.792,22.758,61.11
CA726,1738,2019-12a,6.571,11.755,17.82,23.127,67.282
CA726,1739,2019-12a,6.574,11.792,17.873,23.021,52.603
CA726,1740,2019-12a,6.598,11.833,17.887,23.176,55.874
CA726,1741,2019-12a,6.583,11.85,17.935,23.319,59.815
ETH-1,1742,2019-12a,6.56,11.83,17.889,23.03,54.286
ETH-2,1743,2019-12a,-5.455,-4.886,-11.018,-10.935,-63.972
ETH-4,1744,2019-12a,-5.533,-5.039,-10.975,-10.389,60.015
CA726,1745,2019-12a,6.57,11.751,17.871,23.004,78.804
CA726,1746,2019-12a,6.583,11.817,17.832,22.609,9.919
CA726,1747,2019-12a,6.585,11.782,17.788,22.581,5.469
CA726,1748,2019-12a,6.592,11.831,17.894,22.886,35.339
CA726,1749,2019-12a,6.596,11.855,17.968,23.208,62.054
ETH-1,1750,2019-12a,6.545,11.865,17.913,22.979,30.842
ETH-1,1751,2019-12a,6.561,11.835,17.889,22.879,-163.109
ETH-2,1752,2019-12a,-5.423,-4.848,-10.901,-9.922,-28.066
ETH-3,1753,2019-12a,6.273,12.279,18.341,23.608,-101.852
ETH-4,1754,2019-12a,-5.529,-5.039,-11.072,-11.268,-167.646
CA726,1755,2019-12a,6.565,11.773,17.786,22.618,-85.305
CA726,1756,2019-12a,6.575,11.826,17.881,23.057,-11.934
CA726,1757,2019-12a,6.59,11.84,17.929,23.228,46.24
CA726,1758,2019-12a,6.561,11.774,17.81,22.481,-40.823
ETH-3,1759,2019-12a,6.204,12.205,18.193,23.537,-32.187
ETH-4,1760,2019-12a,-5.506,-5.038,-10.965,-10.796,-9.168
CA726,1761,2019-12a,6.58,11.822,17.919,23.355,56.433
CA726,1762,2019-12a,6.574,11.766,17.792,22.524,-20.035
CA726,1763,2019-12a,6.574,11.803,17.819,22.738,-28.843
CA726,1764,2019-12a,6.469,11.82,17.807,23.022,38.422
ETH-1,1765,2019-12a,6.524,11.772,17.749,22.403,-13.071
ETH-2,1766,2019-12a,-5.464,-4.917,-10.989,-10.281,-3.015
ETH-3,1767,2019-12a,6.258,12.29,18.36,23.842,4.643
ETH-4,1768,2019-12a,-5.55,-5.048,-10.996,-10.224,-10.45
CA726,1769,2019-12a,6.583,11.779,17.892,22.903,49.167
CA726,1770,2019-12a,6.561,11.738,17.752,22.645,15.086
CA726,1771,2019-12a,6.58,11.782,17.872,22.762,8.234
ETH-2,1772,2019-12a,-5.45,-4.938,-11.07,-10.967,-47.33
ETH-3,1773,2019-12a,6.245,12.325,18.434,24.397,99.998
ETH-4,1774,2019-12a,-5.53,-5.074,-11.05,-10.751,32.648
CA726,1775,2019-12a,6.565,11.779,17.862,22.839,65.215
CA726,1776,2019-12a,6.571,11.782,17.855,23.123,69.658
CA726,1777,2019-12a,6.575,11.826,17.918,23.271,57.236
ETH-1,1778,2019-12a,6.552,11.8,17.863,23.056,76.084
ETH-2,1779,2019-12a,-5.443,-4.924,-11.063,-10.913,-6.786
ETH-3,1780,2019-12a,6.279,12.276,18.364,23.837,39.99
ETH-4,1781,2019-12a,-5.52,-5.041,-10.984,-10.6,14.384
CA726,1782,2019-12a,6.562,11.716,17.78,22.89,55.445
CA726,1783,2019-12a,6.581,11.793,17.862,23.259,73.312
CA726,1784,2019-12a,6.567,11.742,17.752,22.447,2.799
ETH-1,1785,2019-12a,6.525,11.789,17.763,22.764,22.216
ETH-2,1786,2019-12a,-5.421,-4.858,-10.909,-10.224,-199.556
ETH-3,1787,2019-12a,6.269,12.299,18.42,24.51,-22.958
ETH-4,1788,2019-12a,-5.555,-5.115,-11.138,-10.777,-156.933
CA726,1789,2019-12a,6.547,11.765,17.84,23.188,-45.293
CA726,1790,2019-12a,6.579,11.783,17.909,23.075,-32.128
CA726,1791,2019-12a,6.558,11.745,17.803,22.585,-72.693
CA726,1792,2019-12a,6.612,11.833,18.061,23.395,51.994
CA726,1793,2019-12a,6.573,11.788,17.807,22.618,-76.84
ETH-1,1794,2019-12a,6.552,11.834,17.937,23.442,3.085
ETH-2,1795,2019-12a,-5.479,-5.019,-11.175,-11.244,-113.741
ETH-3,1796,2019-12a,6.268,12.333,18.47,24.504,7.36
CA726,1797,2019-12a,6.572,11.768,17.836,22.733,-26.701
CA726,1798,2019-12a,6.594,11.804,17.835,22.907,-34.821
CA726,1799,2019-12a,6.594,11.826,17.939,23.086,-14.763
CA726,1800,2019-12a,6.573,11.774,17.825,22.633,-32.008
CA726,1801,2019-12a,6.585,11.819,17.92,23.074,4.047
ETH-2,1802,2019-12a,-5.429,-4.925,-11.043,-10.692,-66.462
ETH-3,1803,2019-12a,6.258,12.256,18.323,24.009,-13.983
ETH-4,1804,2019-12a,-5.528,-5.015,-11.032,-11.126,-68.673
CA726,1805,2019-12b,6.586,11.796,17.869,23.543,-154.785
CA726,1806,2019-12b,6.568,11.766,17.768,23.096,-90.482
CA726,1807,2019-12b,6.579,11.78,17.855,23.212,-79.347
CA726,1808,2019-12b,6.577,11.794,17.834,23.391,-34.609
ETH-1,1809,2019-12b,6.548,11.812,17.85,23.27,8.783
ETH-2,1810,2019-12b,-5.401,-4.869,-10.904,-9.974,-8.652
ETH-3,1811,2019-12b,6.246,12.289,18.279,23.671,-110.913
ETH-4,1812,2019-12b,-5.513,-5.019,-10.958,-10.341,-42.736
CA726,1813,2019-12b,6.57,11.771,17.739,22.559,-109.214
CA726,1814,2019-12b,6.58,11.756,17.788,23.285,5.66
CA726,1815,2019-12b,6.59,11.806,17.827,22.733,-53.292
CA726,1816,2019-12b,6.564,11.708,17.711,22.655,-58.517
CA726,1817,2019-12b,6.58,11.795,17.798,22.861,-70.583
ETH-1,1818,2019-12b,6.538,11.835,17.806,22.833,-40.889
ETH-2,1819,2019-12b,-5.451,-4.904,-11.057,-10.879,-97.827
ETH-3,1820,2019-12b,6.255,12.266,18.344,24.258,35.655
ETH-4,1821,2019-12b,-5.498,-4.949,-10.917,-10.159,7.354
CA726,1822,2019-12b,6.549,11.693,17.642,22.396,-59.723
CA726,1823,2019-12b,6.578,11.783,17.816,23.006,0.099
CA726,1824,2019-12b,6.574,11.764,17.745,22.395,-66.573
CA726,1825,2019-12b,6.601,11.86,17.919,23.124,-12.008
CA726,1826,2019-12b,6.568,11.761,17.742,22.698,-30.469
ETH-1,1827,2019-12b,6.534,11.796,17.756,22.565,-33.856
ETH-1,1828,2019-12b,6.575,11.861,17.942,23.496,-168.26
ETH-2,1829,2019-12b,-5.435,-4.876,-11.019,-10.793,-217.674
ETH-3,1830,2019-12b,6.25,12.275,18.343,24.052,-101.625
ETH-4,1831,2019-12b,-5.521,-5.026,-11.01,-10.764,-119.274
ETH-1,1832,2019-12b,6.533,11.811,17.81,23.039,-65.057
ETH-2,1833,2019-12b,-5.429,-4.867,-10.952,-10.329,-80.08
ETH-4,1834,2019-12b,-5.527,-5.023,-11.073,-11.315,-165.341
ETH-1,1835,2019-12b,6.547,11.805,17.793,22.82,-59.939
ETH-1,1836,2019-12b,6.543,11.831,17.781,22.289,-107.4
ETH-2,1837,2019-12b,-5.421,-4.893,-10.933,-9.872,-11.209
ETH-3,1838,2019-12b,6.245,12.27,18.258,23.503,-79.114
ETH-4,1839,2019-12b,-5.517,-5.057,-11.022,-10.577,-46.865
ETH-1,1840,2019-12b,6.562,11.853,17.941,23.671,37.128
ETH-2,1841,2019-12b,-5.438,-4.924,-11.022,-10.863,-112.182
ETH-3,1842,2019-12b,6.262,12.319,18.397,23.839,-37.312
ETH-4,1843,2019-12b,-5.514,-5.028,-10.953,-10.639,-61.043
ETH-2,1844,2019-12b,-5.466,-4.958,-11.077,-10.648,-41.426
ETH-1,1845,2019-12b,6.524,11.759,17.697,22.358,-75.277
ETH-3,1846,2019-12b,6.248,12.235,18.282,23.757,-27.077
ETH-4,1847,2019-12b,-5.528,-5.015,-11.062,-10.675,-82.871
ETH-1,1848,2019-12b,6.541,11.8,17.799,22.777,-26.458
ETH-2,1849,2019-12b,-5.454,-4.925,-11.028,-10.915,-67.04
ETH-3,1850,2019-12b,6.271,12.311,18.363,24.126,4.386
ETH-4,1851,2019-12b,-5.535,-5.064,-11.057,-11.025,-68.115
ETH-3,1852,2019-12b,6.257,12.277,18.295,23.798,-29.662
ETH-1,1853,2019-12b,6.525,11.774,17.784,22.741,-35.091
ETH-2,1854,2019-12b,-5.414,-4.879,-10.92,-10.526,-37.745
ETH-4,1855,2019-12b,-5.51,-5.041,-11.054,-11.114,-57.505
ETH-1,1856,2019-12b,6.542,11.813,17.853,22.963,17.287