ID,Sample,T,SE_T,D47,SE_D47,Dataset,Tcorrel_001,Tcorrel_002,Tcorrel_003,Tcorrel_004,Tcorrel_005,Tcorrel_006,Tcorrel_007,Tcorrel_008,Tcorrel_009,Tcorrel_010,Tcorrel_011,Tcorrel_012,Tcorrel_013,Tcorrel_014,Tcorrel_015,Tcorrel_016,Tcorrel_017,Tcorrel_018,Tcorrel_019,Tcorrel_020,Tcorrel_021,Tcorrel_022,Tcorrel_023,Tcorrel_024,Tcorrel_025,Tcorrel_026,Tcorrel_027,Tcorrel_028,Tcorrel_029,Tcorrel_030,Tcorrel_031,Tcorrel_032,Tcorrel_033,Tcorrel_034,Tcorrel_035,Tcorrel_036,Tcorrel_037,Tcorrel_038,Tcorrel_039,Tcorrel_040,Tcorrel_041,Tcorrel_042,Tcorrel_043,Tcorrel_044,Tcorrel_045,Tcorrel_046,Tcorrel_047,Tcorrel_048,Tcorrel_049,Tcorrel_050,Tcorrel_051,Tcorrel_052,Tcorrel_053,Tcorrel_054,Tcorrel_055,Tcorrel_056,Tcorrel_057,Tcorrel_058,Tcorrel_059,Tcorrel_060,Tcorrel_061,Tcorrel_062,Tcorrel_063,Tcorrel_064,Tcorrel_065,Tcorrel_066,Tcorrel_067,Tcorrel_068,Tcorrel_069,Tcorrel_070,Tcorrel_071,Tcorrel_072,Tcorrel_073,Tcorrel_074,Tcorrel_075,Tcorrel_076,Tcorrel_077,Tcorrel_078,Tcorrel_079,Tcorrel_080,Tcorrel_081,Tcorrel_082,Tcorrel_083,Tcorrel_084,Tcorrel_085,Tcorrel_086,Tcorrel_087,Tcorrel_088,Tcorrel_089,Tcorrel_090,Tcorrel_091,Tcorrel_092,Tcorrel_093,Tcorrel_094,Tcorrel_095,Tcorrel_096,Tcorrel_097,Tcorrel_098,Tcorrel_099,Tcorrel_100,Tcorrel_101,Tcorrel_102,Tcorrel_103,Tcorrel_104,D47correl_001,D47correl_002,D47correl_003,D47correl_004,D47correl_005,D47correl_006,D47correl_007,D47correl_008,D47correl_009,D47correl_010,D47correl_011,D47correl_012,D47correl_013,D47correl_014,D47correl_015,D47correl_016,D47correl_017,D47correl_018,D47correl_019,D47correl_020,D47correl_021,D47correl_022,D47correl_023,D47correl_024,D47correl_025,D47correl_026,D47correl_027,D47correl_028,D47correl_029,D47correl_030,D47correl_031,D47correl_032,D47correl_033,D47correl_034,D47correl_035,D47correl_036,D47correl_037,D47correl_038,D47correl_039,D47correl_040,D47correl_041,D47correl_042,D47correl_043,D47correl_044,D47correl_045,D47correl_046,D47correl_047,D47correl_048,D47correl_049,D47correl_050,D47correl_051,D47correl_052,D47correl_053,D47correl_054,D47correl_055,D47correl_056,D47correl_057,D47correl_058,D47correl_059,D47correl_060,D47correl_061,D47correl_062,D47correl_063,D47correl_064,D47correl_065,D47correl_066,D47correl_067,D47correl_068,D47correl_069,D47correl_070,D47correl_071,D47correl_072,D47correl_073,D47correl_074,D47correl_075,D47correl_076,D47correl_077,D47correl_078,D47correl_079,D47correl_080,D47correl_081,D47correl_082,D47correl_083,D47correl_084,D47correl_085,D47correl_086,D47correl_087,D47correl_088,D47correl_089,D47correl_090,D47correl_091,D47correl_092,D47correl_093,D47correl_094,D47correl_095,D47correl_096,D47correl_097,D47correl_098,D47correl_099,D47correl_100,D47correl_101,D47correl_102,D47correl_103,D47correl_104
001,BSP-1,8.90,0.50,0.6428,0.0084,Combined I-CDES calibration,1,0,0,0,0,0,0,0,0,0,0,0,0,0,0,0,0,0,0,0,0,0,0,0,0,0,0,0,0,0,0,0,0,0,0,0,0,0,0,0,0,0,0,0,0,0,0,0,0,0,0,0,0,0,0,0,0,0,0,0,0,0,0,0,0,0,0,0,0,0,0,0,0,0,0,0,0,0,0,0,0,0,0,0,0,0,0,0,0,0,0,0,0,0,0,0,0,0,0,0,0,0,0,0,1,0.080414,0.055292,0.099047,0.050178,0.077302,0,0,0,0,0,0,0,0,0,0,0,0,0,0,0,0,0,0,0,0,0,0,0,0,0,0,0,0,0,0,0,0,0,0,0,0,0,0,0,0,0,0,0,0,0,0,0,0,0,0,0,0,0,0,0,0,0,0,0,0,0,0,0,0,0,0,0,0,0,0,0,0,0,0,0,0,0,0,0,0,0,0,0,0,0,0,0,0,0,0,0,0,0,0,0,0,0,0
002,DSP-1,3.20,0.50,0.6819,0.0117,Combined I-CDES calibration,0,1,0,0,0,0,0,0,0,0,0,0,0,0,0,0,0,0,0,0,0,0,0,0,0,0,0,0,0,0,0,0,0,0,0,0,0,0,0,0,0,0,0,0,0,0,0,0,0,0,0,0,0,0,0,0,0,0,0,0,0,0,0,0,0,0,0,0,0,0,0,0,0,0,0,0,0,0,0,0,0,0,0,0,0,0,0,0,0,0,0,0,0,0,0,0,0,0,0,0,0,0,0,0,0.080414,1,0.007525,0.120831,0.013744,0.056534,0,0,0,0,0,0,0,0,0,0,0,0,0,0,0,0,0,0,0,0,0,0,0,0,0,0,0,0,0,0,0,0,0,0,0,0,0,0,0,0,0,0,0,0,0,0,0,0,0,0,0,0,0,0,0,0,0,0,0,0,0,0,0,0,0,0,0,0,0,0,0,0,0,0,0,0,0,0,0,0,0,0,0,0,0,0,0,0,0,0,0,0,0,0,0,0,0,0
003,GPC-1,24.50,0.50,0.5822,0.0084,Combined I-CDES calibration,0,0,1,0,0,0,0,0,0,0,0,0,0,0,0,0,0,0,0,0,0,0,0,0,0,0,0,0,0,0,0,0,0,0,0,0,0,0,0,0,0,0,0,0,0,0,0,0,0,0,0,0,0,0,0,0,0,0,0,0,0,0,0,0,0,0,0,0,0,0,0,0,0,0,0,0,0,0,0,0,0,0,0,0,0,0,0,0,0,0,0,0,0,0,0,0,0,0,0,0,0,0,0,0,0.055292,0.007525,1,0.007934,0.062662,0.058095,0,0,0,0,0,0,0,0,0,0,0,0,0,0,0,0,0,0,0,0,0,0,0,0,0,0,0,0,0,0,0,0,0,0,0,0,0,0,0,0,0,0,0,0,0,0,0,0,0,0,0,0,0,0,0,0,0,0,0,0,0,0,0,0,0,0,0,0,0,0,0,0,0,0,0,0,0,0,0,0,0,0,0,0,0,0,0,0,0,0,0,0,0,0,0,0,0,0
004,MCP-1,18.60,0.50,0.6133,0.0085,Combined I-CDES calibration,0,0,0,1,0,0,0,0,0,0,0,0,0,0,0,0,0,0,0,0,0,0,0,0,0,0,0,0,0,0,0,0,0,0,0,0,0,0,0,0,0,0,0,0,0,0,0,0,0,0,0,0,0,0,0,0,0,0,0,0,0,0,0,0,0,0,0,0,0,0,0,0,0,0,0,0,0,0,0,0,0,0,0,0,0,0,0,0,0,0,0,0,0,0,0,0,0,0,0,0,0,0,0,0,0.099047,0.120831,0.007934,1,0.008731,0.052312,0,0,0,0,0,0,0,0,0,0,0,0,0,0,0,0,0,0,0,0,0,0,0,0,0,0,0,0,0,0,0,0,0,0,0,0,0,0,0,0,0,0,0,0,0,0,0,0,0,0,0,0,0,0,0,0,0,0,0,0,0,0,0,0,0,0,0,0,0,0,0,0,0,0,0,0,0,0,0,0,0,0,0,0,0,0,0,0,0,0,0,0,0,0,0,0,0,0
005,NAICA-1,47.00,0.50,0.5395,0.0089,Combined I-CDES calibration,0,0,0,0,1,0,0,0,0,0,0,0,0,0,0,0,0,0,0,0,0,0,0,0,0,0,0,0,0,0,0,0,0,0,0,0,0,0,0,0,0,0,0,0,0,0,0,0,0,0,0,0,0,0,0,0,0,0,0,0,0,0,0,0,0,0,0,0,0,0,0,0,0,0,0,0,0,0,0,0,0,0,0,0,0,0,0,0,0,0,0,0,0,0,0,0,0,0,0,0,0,0,0,0,0.050178,0.013744,0.062662,0.008731,1,0.072052,0,0,0,0,0,0,0,0,0,0,0,0,0,0,0,0,0,0,0,0,0,0,0,0,0,0,0,0,0,0,0,0,0,0,0,0,0,0,0,0,0,0,0,0,0,0,0,0,0,0,0,0,0,0,0,0,0,0,0,0,0,0,0,0,0,0,0,0,0,0,0,0,0,0,0,0,0,0,0,0,0,0,0,0,0,0,0,0,0,0,0,0,0,0,0,0,0,0
006,OWB-1,9.10,0.50,0.6557,0.0083,Combined I-CDES calibration,0,0,0,0,0,1,0,0,0,0,0,0,0,0,0,0,0,0,0,0,0,0,0,0,0,0,0,0,0,0,0,0,0,0,0,0,0,0,0,0,0,0,0,0,0,0,0,0,0,0,0,0,0,0,0,0,0,0,0,0,0,0,0,0,0,0,0,0,0,0,0,0,0,0,0,0,0,0,0,0,0,0,0,0,0,0,0,0,0,0,0,0,0,0,0,0,0,0,0,0,0,0,0,0,0.077302,0.056534,0.058095,0.052312,0.072052,1,0,0,0,0,0,0,0,0,0,0,0,0,0,0,0,0,0,0,0,0,0,0,0,0,0,0,0,0,0,0,0,0,0,0,0,0,0,0,0,0,0,0,0,0,0,0,0,0,0,0,0,0,0,0,0,0,0,0,0,0,0,0,0,0,0,0,0,0,0,0,0,0,0,0,0,0,0,0,0,0,0,0,0,0,0,0,0,0,0,0,0,0,0,0,0,0,0,0
007,MD04-2720_pachyD,2.70,0.77,0.6760,0.0075,Combined I-CDES calibration,0,0,0,0,0,0,1,0,0,0,0,0,0,0,0,0,0,0,0,0,0,0,0,0,0,0,0,0,0,0,0,0,0,0,0,0,0,0,0,0,0,0,0,0,0,0,0,0,0,0,0,0,0,0,0,0,0,0,0,0,0,0,0,0,0,0,0,0,0,0,0,0,0,0,0,0,0,0,0,0,0,0,0,0,0,0,0,0,0,0,0,0,0,0,0,0,0,0,0,0,0,0,0,0,0,0,0,0,0,0,1,0.133640,0.138466,0.134324,0.175220,0.127260,0.126281,0.128124,0.040895,0.101810,0.140361,0.084670,0.076117,0.056858,0.101966,0.117591,0.129809,0.108585,0.056487,0.155487,0.082065,0.108221,0.145904,0.082126,0.118554,0,0,0,0,0,0,0,0,0,0,0,0,0,0,0,0,0,0,0,0,0,0,0,0,0,0,0,0,0,0,0,0,0,0,0,0,0,0,0,0,0,0,0,0,0,0,0,0,0,0,0,0,0,0,0,0,0,0,0,0,0,0,0,0,0,0,0,0,0,0,0,0,0
008,MOCOSED_pachyS,2.31,0.52,0.6666,0.0055,Combined I-CDES calibration,0,0,0,0,0,0,0,1,0,0,0,0,0,0,0,0,0,0,0,0,0,0,0,0,0,0,0,0,0,0,0,0,0,0,0,0,0,0,0,0,0,0,0,0,0,0,0,0,0,0,0,0,0,0,0,0,0,0,0,0,0,0,0,0,0,0,0,0,0,0,0,0,0,0,0,0,0,0,0,0,0,0,0,0,0,0,0,0,0,0,0,0,0,0,0,0,0,0,0,0,0,0,0,0,0,0,0,0,0,0,0.133640,1,0.168161,0.142672,0.220073,0.129521,0.128507,0.112421,0.095523,0.124066,0.122382,0.127694,0.111889,0.111922,0.153528,0.204302,0.195153,0.158515,0.081671,0.225421,0.143620,0.095845,0.161993,0.123746,0.142914,0,0,0,0,0,0,0,0,0,0,0,0,0,0,0,0,0,0,0,0,0,0,0,0,0,0,0,0,0,0,0,0,0,0,0,0,0,0,0,0,0,0,0,0,0,0,0,0,0,0,0,0,0,0,0,0,0,0,0,0,0,0,0,0,0,0,0,0,0,0,0,0,0
009,MD12-3401_bullo,5.63,0.47,0.6599,0.0054,Combined I-CDES calibration,0,0,0,0,0,0,0,0,1,0,0,0,0,0,0,0,0,0,0,0,0,0,0,0,0,0,0,0,0,0,0,0,0,0,0,0,0,0,0,0,0,0,0,0,0,0,0,0,0,0,0,0,0,0,0,0,0,0,0,0,0,0,0,0,0,0,0,0,0,0,0,0,0,0,0,0,0,0,0,0,0,0,0,0,0,0,0,0,0,0,0,0,0,0,0,0,0,0,0,0,0,0,0,0,0,0,0,0,0,0,0.138466,0.168161,1,0.138132,0.211805,0.127191,0.126219,0.117363,0.103421,0.114704,0.127250,0.110861,0.102424,0.090986,0.143538,0.188374,0.177418,0.139124,0.089390,0.206996,0.136113,0.100079,0.153925,0.107443,0.142438,0,0,0,0,0,0,0,0,0,0,0,0,0,0,0,0,0,0,0,0,0,0,0,0,0,0,0,0,0,0,0,0,0,0,0,0,0,0,0,0,0,0,0,0,0,0,0,0,0,0,0,0,0,0,0,0,0,0,0,0,0,0,0,0,0,0,0,0,0,0,0,0,0
010,MD95-2014_bullo,6.24,0.59,0.6480,0.0055,Combined I-CDES calibration,0,0,0,0,0,0,0,0,0,1,0,0,0,0,0,0,0,0,0,0,0,0,0,0,0,0,0,0,0,0,0,0,0,0,0,0,0,0,0,0,0,0,0,0,0,0,0,0,0,0,0,0,0,0,0,0,0,0,0,0,0,0,0,0,0,0,0,0,0,0,0,0,0,0,0,0,0,0,0,0,0,0,0,0,0,0,0,0,0,0,0,0,0,0,0,0,0,0,0,0,0,0,0,0,0,0,0,0,0,0,0.134324,0.142672,0.138132,1,0.181396,0.120172,0.119299,0.162886,0.053284,0.105303,0.123701,0.098152,0.085447,0.077261,0.115567,0.142531,0.147726,0.123936,0.058560,0.173662,0.099140,0.156243,0.143714,0.095184,0.119957,0,0,0,0,0,0,0,0,0,0,0,0,0,0,0,0,0,0,0,0,0,0,0,0,0,0,0,0,0,0,0,0,0,0,0,0,0,0,0,0,0,0,0,0,0,0,0,0,0,0,0,0,0,0,0,0,0,0,0,0,0,0,0,0,0,0,0,0,0,0,0,0,0
011,MD08-3182_bullo,6.34,0.63,0.6524,0.0042,Combined I-CDES calibration,0,0,0,0,0,0,0,0,0,0,1,0.936281,0,0,0,0,0,0,0,0,0,0,0,0,0,0,0,0,0,0,0,0,0,0,0,0,0,0,0,0,0,0,0,0,0,0,0,0,0,0,0,0,0,0,0,0,0,0,0,0,0,0,0,0,0,0,0,0,0,0,0,0,0,0,0,0,0,0,0,0,0,0,0,0,0,0,0,0,0,0,0,0,0,0,0,0,0,0,0,0,0,0,0,0,0,0,0,0,0,0,0.175220,0.220073,0.211805,0.181396,1,0.165811,0.164575,0.149697,0.115418,0.153625,0.161845,0.152698,0.135268,0.129155,0.186972,0.243674,0.235396,0.191043,0.102622,0.273414,0.172690,0.128112,0.203123,0.147947,0.180691,0,0,0,0,0,0,0,0,0,0,0,0,0,0,0,0,0,0,0,0,0,0,0,0,0,0,0,0,0,0,0,0,0,0,0,0,0,0,0,0,0,0,0,0,0,0,0,0,0,0,0,0,0,0,0,0,0,0,0,0,0,0,0,0,0,0,0,0,0,0,0,0,0
012,MD08-3182_pachyS,7.31,0.63,0.6504,0.0074,Combined I-CDES calibration,0,0,0,0,0,0,0,0,0,0,0.936281,1,0,0,0,0,0,0,0,0,0,0,0,0,0,0,0,0,0,0,0,0,0,0,0,0,0,0,0,0,0,0,0,0,0,0,0,0,0,0,0,0,0,0,0,0,0,0,0,0,0,0,0,0,0,0,0,0,0,0,0,0,0,0,0,0,0,0,0,0,0,0,0,0,0,0,0,0,0,0,0,0,0,0,0,0,0,0,0,0,0,0,0,0,0,0,0,0,0,0,0.127260,0.129521,0.127191,0.120172,0.165811,1,0.111151,0.107884,0.046575,0.096221,0.117077,0.087724,0.076831,0.067234,0.103640,0.126338,0.132480,0.111039,0.053500,0.156242,0.087877,0.092227,0.132670,0.085083,0.110250,0,0,0,0,0,0,0,0,0,0,0,0,0,0,0,0,0,0,0,0,0,0,0,0,0,0,0,0,0,0,0,0,0,0,0,0,0,0,0,0,0,0,0,0,0,0,0,0,0,0,0,0,0,0,0,0,0,0,0,0,0,0,0,0,0,0,0,0,0,0,0,0,0
013,MD03-2680_pachyD,7.60,0.67,0.6470,0.0074,Combined I-CDES calibration,0,0,0,0,0,0,0,0,0,0,0,0,1,0,0,0,0,0,0,0,0,0,0,0,0,0,0,0,0,0,0,0,0,0,0,0,0,0,0,0,0,0,0,0,0,0,0,0,0,0,0,0,0,0,0,0,0,0,0,0,0,0,0,0,0,0,0,0,0,0,0,0,0,0,0,0,0,0,0,0,0,0,0,0,0,0,0,0,0,0,0,0,0,0,0,0,0,0,0,0,0,0,0,0,0,0,0,0,0,0,0.126281,0.128507,0.126219,0.119299,0.164575,0.111151,1,0.107071,0.046247,0.095546,0.116237,0.087077,0.076274,0.066705,0.102938,0.125407,0.131500,0.110265,0.053140,0.155172,0.087274,0.091635,0.131761,0.084467,0.109538,0,0,0,0,0,0,0,0,0,0,0,0,0,0,0,0,0,0,0,0,0,0,0,0,0,0,0,0,0,0,0,0,0,0,0,0,0,0,0,0,0,0,0,0,0,0,0,0,0,0,0,0,0,0,0,0,0,0,0,0,0,0,0,0,0,0,0,0,0,0,0,0,0
014,SU90-03_bullo,9.73,0.49,0.6429,0.0063,Combined I-CDES calibration,0,0,0,0,0,0,0,0,0,0,0,0,0,1,0,0,0,0,0,0,0,0,0,0,0,0,0,0,0,0,0,0,0,0,0,0,0,0,0,0,0,0,0,0,0,0,0,0,0,0,0,0,0,0,0,0,0,0,0,0,0,0,0,0,0,0,0,0,0,0,0,0,0,0,0,0,0,0,0,0,0,0,0,0,0,0,0,0,0,0,0,0,0,0,0,0,0,0,0,0,0,0,0,0,0,0,0,0,0,0,0.128124,0.112421,0.117363,0.162886,0.149697,0.107884,0.107071,1,0.034614,0.086370,0.119056,0.071634,0.064357,0.048100,0.086859,0.099493,0.109930,0.092183,0.048227,0.131694,0.069714,0.158951,0.123301,0.069473,0.102304,0,0,0,0,0,0,0,0,0,0,0,0,0,0,0,0,0,0,0,0,0,0,0,0,0,0,0,0,0,0,0,0,0,0,0,0,0,0,0,0,0,0,0,0,0,0,0,0,0,0,0,0,0,0,0,0,0,0,0,0,0,0,0,0,0,0,0,0,0,0,0,0,0
015,MD08-3179_inflata200,15.99,0.58,0.6272,0.0075,Combined I-CDES calibration,0,0,0,0,0,0,0,0,0,0,0,0,0,0,1,0.886215,0.886267,0.886238,0.886227,0.869017,0.911405,0.925952,0.921601,0,0,0,0,0,0,0,0,0,0,0,0,0,0,0,0,0,0,0,0,0,0,0,0,0,0,0,0,0,0,0,0,0,0,0,0,0,0,0,0,0,0,0,0,0,0,0,0,0,0,0,0,0,0,0,0,0,0,0,0,0,0,0,0,0,0,0,0,0,0,0,0,0,0,0,0,0,0,0,0,0,0,0,0,0,0,0,0.040895,0.095523,0.103421,0.053284,0.115418,0.046575,0.046247,0.034614,1,0.051194,0.037673,0.059027,0.062530,0.057206,0.095069,0.142558,0.109061,0.072429,0.080194,0.125088,0.109840,0.029743,0.062733,0.057302,0.081333,0,0,0,0,0,0,0,0,0,0,0,0,0,0,0,0,0,0,0,0,0,0,0,0,0,0,0,0,0,0,0,0,0,0,0,0,0,0,0,0,0,0,0,0,0,0,0,0,0,0,0,0,0,0,0,0,0,0,0,0,0,0,0,0,0,0,0,0,0,0,0,0,0
016,MD08-3179_inflata250,14.81,0.58,0.6224,0.0073,Combined I-CDES calibration,0,0,0,0,0,0,0,0,0,0,0,0,0,0,0.886215,1,0.886293,0.886264,0.886253,0.869042,0.911432,0.925979,0.921628,0,0,0,0,0,0,0,0,0,0,0,0,0,0,0,0,0,0,0,0,0,0,0,0,0,0,0,0,0,0,0,0,0,0,0,0,0,0,0,0,0,0,0,0,0,0,0,0,0,0,0,0,0,0,0,0,0,0,0,0,0,0,0,0,0,0,0,0,0,0,0,0,0,0,0,0,0,0,0,0,0,0,0,0,0,0,0,0.101810,0.124066,0.114704,0.105303,0.153625,0.096221,0.095546,0.086370,0.051194,1,0.094019,0.089530,0.076725,0.076061,0.103662,0.132914,0.133191,0.111980,0.049915,0.155566,0.092263,0.074480,0.119549,0.087038,0.100391,0,0,0,0,0,0,0,0,0,0,0,0,0,0,0,0,0,0,0,0,0,0,0,0,0,0,0,0,0,0,0,0,0,0,0,0,0,0,0,0,0,0,0,0,0,0,0,0,0,0,0,0,0,0,0,0,0,0,0,0,0,0,0,0,0,0,0,0,0,0,0,0,0
017,MD08-3179_inflata315,12.48,0.57,0.6376,0.0074,Combined I-CDES calibration,0,0,0,0,0,0,0,0,0,0,0,0,0,0,0.886267,0.886293,1,0.886315,0.886304,0.869093,0.911485,0.926033,0.921681,0,0,0,0,0,0,0,0,0,0,0,0,0,0,0,0,0,0,0,0,0,0,0,0,0,0,0,0,0,0,0,0,0,0,0,0,0,0,0,0,0,0,0,0,0,0,0,0,0,0,0,0,0,0,0,0,0,0,0,0,0,0,0,0,0,0,0,0,0,0,0,0,0,0,0,0,0,0,0,0,0,0,0,0,0,0,0,0.140361,0.122382,0.127250,0.123701,0.161845,0.117077,0.116237,0.119056,0.037673,0.094019,1,0.078002,0.070150,0.052348,0.094356,0.108345,0.119584,0.100300,0.052437,0.143668,0.075851,0.102218,0.134704,0.075726,0.110830,0,0,0,0,0,0,0,0,0,0,0,0,0,0,0,0,0,0,0,0,0,0,0,0,0,0,0,0,0,0,0,0,0,0,0,0,0,0,0,0,0,0,0,0,0,0,0,0,0,0,0,0,0,0,0,0,0,0,0,0,0,0,0,0,0,0,0,0,0,0,0,0,0
018,MD08-3179_inflata355,13.79,0.57,0.6286,0.0074,Combined I-CDES calibration,0,0,0,0,0,0,0,0,0,0,0,0,0,0,0.886238,0.886264,0.886315,1,0.886275,0.869064,0.911455,0.926003,0.921651,0,0,0,0,0,0,0,0,0,0,0,0,0,0,0,0,0,0,0,0,0,0,0,0,0,0,0,0,0,0,0,0,0,0,0,0,0,0,0,0,0,0,0,0,0,0,0,0,0,0,0,0,0,0,0,0,0,0,0,0,0,0,0,0,0,0,0,0,0,0,0,0,0,0,0,0,0,0,0,0,0,0,0,0,0,0,0,0.084670,0.127694,0.110861,0.098152,0.152698,0.087724,0.087077,0.071634,0.059027,0.089530,0.078002,1,0.081537,0.089622,0.110264,0.147983,0.142765,0.119970,0.049532,0.164370,0.102235,0.061592,0.114014,0.094418,0.096746,0,0,0,0,0,0,0,0,0,0,0,0,0,0,0,0,0,0,0,0,0,0,0,0,0,0,0,0,0,0,0,0,0,0,0,0,0,0,0,0,0,0,0,0,0,0,0,0,0,0,0,0,0,0,0,0,0,0,0,0,0,0,0,0,0,0,0,0,0,0,0,0,0
019,MD08-3179_inflata400,14.27,0.58,0.6219,0.0073,Combined I-CDES calibration,0,0,0,0,0,0,0,0,0,0,0,0,0,0,0.886227,0.886253,0.886304,0.886275,1,0.869054,0.911444,0.925992,0.921640,0,0,0,0,0,0,0,0,0,0,0,0,0,0,0,0,0,0,0,0,0,0,0,0,0,0,0,0,0,0,0,0,0,0,0,0,0,0,0,0,0,0,0,0,0,0,0,0,0,0,0,0,0,0,0,0,0,0,0,0,0,0,0,0,0,0,0,0,0,0,0,0,0,0,0,0,0,0,0,0,0,0,0,0,0,0,0,0.076117,0.111889,0.102424,0.085447,0.135268,0.076831,0.076274,0.064357,0.062530,0.076725,0.070150,0.081537,1,0.073869,0.106002,0.143239,0.130693,0.100992,0.074086,0.148063,0.101275,0.055431,0.098904,0.079304,0.096099,0,0,0,0,0,0,0,0,0,0,0,0,0,0,0,0,0,0,0,0,0,0,0,0,0,0,0,0,0,0,0,0,0,0,0,0,0,0,0,0,0,0,0,0,0,0,0,0,0,0,0,0,0,0,0,0,0,0,0,0,0,0,0,0,0,0,0,0,0,0,0,0,0
020,MD08-3179_inflata450,13.63,0.59,0.6247,0.0085,Combined I-CDES calibration,0,0,0,0,0,0,0,0,0,0,0,0,0,0,0.869017,0.869042,0.869093,0.869064,0.869054,1,0.893744,0.908009,0.903742,0,0,0,0,0,0,0,0,0,0,0,0,0,0,0,0,0,0,0,0,0,0,0,0,0,0,0,0,0,0,0,0,0,0,0,0,0,0,0,0,0,0,0,0,0,0,0,0,0,0,0,0,0,0,0,0,0,0,0,0,0,0,0,0,0,0,0,0,0,0,0,0,0,0,0,0,0,0,0,0,0,0,0,0,0,0,0,0.056858,0.111922,0.090986,0.077261,0.129155,0.067234,0.066705,0.048100,0.057206,0.076061,0.052348,0.089622,0.073869,1,0.099834,0.139576,0.130201,0.109442,0.041916,0.148187,0.096090,0.041297,0.092577,0.087192,0.079426,0,0,0,0,0,0,0,0,0,0,0,0,0,0,0,0,0,0,0,0,0,0,0,0,0,0,0,0,0,0,0,0,0,0,0,0,0,0,0,0,0,0,0,0,0,0,0,0,0,0,0,0,0,0,0,0,0,0,0,0,0,0,0,0,0,0,0,0,0,0,0,0,0
021,MD08-3179_ruber,16.30,0.50,0.6196,0.0053,Combined I-CDES calibration,0,0,0,0,0,0,0,0,0,0,0,0,0,0,0.911405,0.911432,0.911485,0.911455,0.911444,0.893744,1,0.952300,0.947824,0,0,0,0,0,0,0,0,0,0,0,0,0,0,0,0,0,0,0,0,0,0,0,0,0,0,0,0,0,0,0,0,0,0,0,0,0,0,0,0,0,0,0,0,0,0,0,0,0,0,0,0,0,0,0,0,0,0,0,0,0,0,0,0,0,0,0,0,0,0,0,0,0,0,0,0,0,0,0,0,0,0,0,0,0,0,0,0.101966,0.153528,0.143538,0.115567,0.186972,0.103640,0.102938,0.086859,0.095069,0.103662,0.094356,0.110264,0.106002,0.099834,1,0.192371,0.175056,0.136882,0.091097,0.200261,0.137589,0.074929,0.132922,0.107133,0.128146,0,0,0,0,0,0,0,0,0,0,0,0,0,0,0,0,0,0,0,0,0,0,0,0,0,0,0,0,0,0,0,0,0,0,0,0,0,0,0,0,0,0,0,0,0,0,0,0,0,0,0,0,0,0,0,0,0,0,0,0,0,0,0,0,0,0,0,0,0,0,0,0,0
022,MD08-3179_truncaD,13.59,0.66,0.6299,0.0041,Combined I-CDES calibration,0,0,0,0,0,0,0,0,0,0,0,0,0,0,0.925952,0.925979,0.926033,0.926003,0.925992,0.908009,0.952300,1,0.962952,0,0,0,0,0,0,0,0,0,0,0,0,0,0,0,0,0,0,0,0,0,0,0,0,0,0,0,0,0,0,0,0,0,0,0,0,0,0,0,0,0,0,0,0,0,0,0,0,0,0,0,0,0,0,0,0,0,0,0,0,0,0,0,0,0,0,0,0,0,0,0,0,0,0,0,0,0,0,0,0,0,0,0,0,0,0,0,0.117591,0.204302,0.188374,0.142531,0.243674,0.126338,0.125407,0.099493,0.142558,0.132914,0.108345,0.147983,0.143239,0.139576,0.192371,1,0.237119,0.182155,0.126513,0.269426,0.192861,0.085568,0.166822,0.143814,0.166263,0,0,0,0,0,0,0,0,0,0,0,0,0,0,0,0,0,0,0,0,0,0,0,0,0,0,0,0,0,0,0,0,0,0,0,0,0,0,0,0,0,0,0,0,0,0,0,0,0,0,0,0,0,0,0,0,0,0,0,0,0,0,0,0,0,0,0,0,0,0,0,0,0
023,MD08-3179_truncaS,13.92,0.52,0.6355,0.0046,Combined I-CDES calibration,0,0,0,0,0,0,0,0,0,0,0,0,0,0,0.921601,0.921628,0.921681,0.921651,0.921640,0.903742,0.947824,0.962952,1,0,0,0,0,0,0,0,0,0,0,0,0,0,0,0,0,0,0,0,0,0,0,0,0,0,0,0,0,0,0,0,0,0,0,0,0,0,0,0,0,0,0,0,0,0,0,0,0,0,0,0,0,0,0,0,0,0,0,0,0,0,0,0,0,0,0,0,0,0,0,0,0,0,0,0,0,0,0,0,0,0,0,0,0,0,0,0,0.129809,0.195153,0.177418,0.147726,0.235396,0.132480,0.131500,0.109930,0.109061,0.133191,0.119584,0.142765,0.130693,0.130201,0.175056,0.237119,1,0.176592,0.100706,0.252265,0.167091,0.094410,0.170484,0.138645,0.156484,0,0,0,0,0,0,0,0,0,0,0,0,0,0,0,0,0,0,0,0,0,0,0,0,0,0,0,0,0,0,0,0,0,0,0,0,0,0,0,0,0,0,0,0,0,0,0,0,0,0,0,0,0,0,0,0,0,0,0,0,0,0,0,0,0,0,0,0,0,0,0,0,0
024,MD12-3426_menardi,16.25,0.82,0.6177,0.0058,Combined I-CDES calibration,0,0,0,0,0,0,0,0,0,0,0,0,0,0,0,0,0,0,0,0,0,0,0,1,0.960861,0,0,0,0,0,0,0,0,0,0,0,0,0,0,0,0,0,0,0,0,0,0,0,0,0,0,0,0,0,0,0,0,0,0,0,0,0,0,0,0,0,0,0,0,0,0,0,0,0,0,0,0,0,0,0,0,0,0,0,0,0,0,0,0,0,0,0,0,0,0,0,0,0,0,0,0,0,0,0,0,0,0,0,0,0,0.108585,0.158515,0.139124,0.123936,0.191043,0.111039,0.110265,0.092183,0.072429,0.111980,0.100300,0.119970,0.100992,0.109442,0.136882,0.182155,0.176592,1,0.062006,0.204000,0.126214,0.079476,0.143410,0.116672,0.121852,0,0,0,0,0,0,0,0,0,0,0,0,0,0,0,0,0,0,0,0,0,0,0,0,0,0,0,0,0,0,0,0,0,0,0,0,0,0,0,0,0,0,0,0,0,0,0,0,0,0,0,0,0,0,0,0,0,0,0,0,0,0,0,0,0,0,0,0,0,0,0,0,0
025,MD12-3426_orbulina,23.40,0.88,0.6039,0.0073,Combined I-CDES calibration,0,0,0,0,0,0,0,0,0,0,0,0,0,0,0,0,0,0,0,0,0,0,0,0.960861,1,0,0,0,0,0,0,0,0,0,0,0,0,0,0,0,0,0,0,0,0,0,0,0,0,0,0,0,0,0,0,0,0,0,0,0,0,0,0,0,0,0,0,0,0,0,0,0,0,0,0,0,0,0,0,0,0,0,0,0,0,0,0,0,0,0,0,0,0,0,0,0,0,0,0,0,0,0,0,0,0,0,0,0,0,0,0.056487,0.081671,0.089390,0.058560,0.102622,0.053500,0.053140,0.048227,0.080194,0.049915,0.052437,0.049532,0.074086,0.041916,0.091097,0.126513,0.100706,0.062006,1,0.111826,0.095555,0.041823,0.066426,0.048130,0.088143,0,0,0,0,0,0,0,0,0,0,0,0,0,0,0,0,0,0,0,0,0,0,0,0,0,0,0,0,0,0,0,0,0,0,0,0,0,0,0,0,0,0,0,0,0,0,0,0,0,0,0,0,0,0,0,0,0,0,0,0,0,0,0,0,0,0,0,0,0,0,0,0,0
026,MD00-2360_menardi,18.79,0.51,0.6085,0.0037,Combined I-CDES calibration,0,0,0,0,0,0,0,0,0,0,0,0,0,0,0,0,0,0,0,0,0,0,0,0,0,1,0.977622,0.975516,0,0,0,0,0,0,0,0,0,0,0,0,0,0,0,0,0,0,0,0,0,0,0,0,0,0,0,0,0,0,0,0,0,0,0,0,0,0,0,0,0,0,0,0,0,0,0,0,0,0,0,0,0,0,0,0,0,0,0,0,0,0,0,0,0,0,0,0,0,0,0,0,0,0,0,0,0,0,0,0,0,0,0.155487,0.225421,0.206996,0.173662,0.273414,0.156242,0.155172,0.131694,0.125088,0.155566,0.143668,0.164370,0.148063,0.148187,0.200261,0.269426,0.252265,0.204000,0.111826,1,0.190536,0.113933,0.201227,0.160028,0.182076,0,0,0,0,0,0,0,0,0,0,0,0,0,0,0,0,0,0,0,0,0,0,0,0,0,0,0,0,0,0,0,0,0,0,0,0,0,0,0,0,0,0,0,0,0,0,0,0,0,0,0,0,0,0,0,0,0,0,0,0,0,0,0,0,0,0,0,0,0,0,0,0,0
027,MD00-2360_orbulina,24.53,0.60,0.6081,0.0053,Combined I-CDES calibration,0,0,0,0,0,0,0,0,0,0,0,0,0,0,0,0,0,0,0,0,0,0,0,0,0,0.977622,1,0.965618,0,0,0,0,0,0,0,0,0,0,0,0,0,0,0,0,0,0,0,0,0,0,0,0,0,0,0,0,0,0,0,0,0,0,0,0,0,0,0,0,0,0,0,0,0,0,0,0,0,0,0,0,0,0,0,0,0,0,0,0,0,0,0,0,0,0,0,0,0,0,0,0,0,0,0,0,0,0,0,0,0,0,0.082065,0.143620,0.136113,0.099140,0.172690,0.087877,0.087274,0.069714,0.109840,0.092263,0.075851,0.102235,0.101275,0.096090,0.137589,0.192861,0.167091,0.126214,0.095555,0.190536,1,0.060152,0.116017,0.099491,0.119872,0,0,0,0,0,0,0,0,0,0,0,0,0,0,0,0,0,0,0,0,0,0,0,0,0,0,0,0,0,0,0,0,0,0,0,0,0,0,0,0,0,0,0,0,0,0,0,0,0,0,0,0,0,0,0,0,0,0,0,0,0,0,0,0,0,0,0,0,0,0,0,0,0
028,MD00-2360_ruber,21.91,0.52,0.5917,0.0058,Combined I-CDES calibration,0,0,0,0,0,0,0,0,0,0,0,0,0,0,0,0,0,0,0,0,0,0,0,0,0,0.975516,0.965618,1,0,0,0,0,0,0,0,0,0,0,0,0,0,0,0,0,0,0,0,0,0,0,0,0,0,0,0,0,0,0,0,0,0,0,0,0,0,0,0,0,0,0,0,0,0,0,0,0,0,0,0,0,0,0,0,0,0,0,0,0,0,0,0,0,0,0,0,0,0,0,0,0,0,0,0,0,0,0,0,0,0,0,0.108221,0.095845,0.100079,0.156243,0.128112,0.092227,0.091635,0.158951,0.029743,0.074480,0.102218,0.061592,0.055431,0.041297,0.074929,0.085568,0.094410,0.079476,0.041823,0.113933,0.060152,1,0.106731,0.059877,0.089173,0,0,0,0,0,0,0,0,0,0,0,0,0,0,0,0,0,0,0,0,0,0,0,0,0,0,0,0,0,0,0,0,0,0,0,0,0,0,0,0,0,0,0,0,0,0,0,0,0,0,0,0,0,0,0,0,0,0,0,0,0,0,0,0,0,0,0,0,0,0,0,0,0
029,MD02-2577_menardi,19.58,0.53,0.6093,0.0054,Combined I-CDES calibration,0,0,0,0,0,0,0,0,0,0,0,0,0,0,0,0,0,0,0,0,0,0,0,0,0,0,0,0,1,0.981070,0.986953,0,0,0,0,0,0,0,0,0,0,0,0,0,0,0,0,0,0,0,0,0,0,0,0,0,0,0,0,0,0,0,0,0,0,0,0,0,0,0,0,0,0,0,0,0,0,0,0,0,0,0,0,0,0,0,0,0,0,0,0,0,0,0,0,0,0,0,0,0,0,0,0,0,0,0,0,0,0,0,0.145904,0.161993,0.153925,0.143714,0.203123,0.132670,0.131761,0.123301,0.062733,0.119549,0.134704,0.114014,0.098904,0.092577,0.132922,0.166822,0.170484,0.143410,0.066426,0.201227,0.116017,0.106731,1,0.111068,0.135360,0,0,0,0,0,0,0,0,0,0,0,0,0,0,0,0,0,0,0,0,0,0,0,0,0,0,0,0,0,0,0,0,0,0,0,0,0,0,0,0,0,0,0,0,0,0,0,0,0,0,0,0,0,0,0,0,0,0,0,0,0,0,0,0,0,0,0,0,0,0,0,0,0
030,MD02-2577_orbulina,22.82,0.56,0.6153,0.0074,Combined I-CDES calibration,0,0,0,0,0,0,0,0,0,0,0,0,0,0,0,0,0,0,0,0,0,0,0,0,0,0,0,0,0.981070,1,0.981052,0,0,0,0,0,0,0,0,0,0,0,0,0,0,0,0,0,0,0,0,0,0,0,0,0,0,0,0,0,0,0,0,0,0,0,0,0,0,0,0,0,0,0,0,0,0,0,0,0,0,0,0,0,0,0,0,0,0,0,0,0,0,0,0,0,0,0,0,0,0,0,0,0,0,0,0,0,0,0,0.082126,0.123746,0.107443,0.095184,0.147947,0.085083,0.084467,0.069473,0.057302,0.087038,0.075726,0.094418,0.079304,0.087192,0.107133,0.143814,0.138645,0.116672,0.048130,0.160028,0.099491,0.059877,0.111068,1,0.094135,0,0,0,0,0,0,0,0,0,0,0,0,0,0,0,0,0,0,0,0,0,0,0,0,0,0,0,0,0,0,0,0,0,0,0,0,0,0,0,0,0,0,0,0,0,0,0,0,0,0,0,0,0,0,0,0,0,0,0,0,0,0,0,0,0,0,0,0,0,0,0,0,0
031,MD02-2577_ruber,23.18,0.52,0.5968,0.0053,Combined I-CDES calibration,0,0,0,0,0,0,0,0,0,0,0,0,0,0,0,0,0,0,0,0,0,0,0,0,0,0,0,0,0.986953,0.981052,1,0,0,0,0,0,0,0,0,0,0,0,0,0,0,0,0,0,0,0,0,0,0,0,0,0,0,0,0,0,0,0,0,0,0,0,0,0,0,0,0,0,0,0,0,0,0,0,0,0,0,0,0,0,0,0,0,0,0,0,0,0,0,0,0,0,0,0,0,0,0,0,0,0,0,0,0,0,0,0,0.118554,0.142914,0.142438,0.119957,0.180691,0.110250,0.109538,0.102304,0.081333,0.100391,0.110830,0.096746,0.096099,0.079426,0.128146,0.166263,0.156484,0.121852,0.088143,0.182076,0.119872,0.089173,0.135360,0.094135,1,0,0,0,0,0,0,0,0,0,0,0,0,0,0,0,0,0,0,0,0,0,0,0,0,0,0,0,0,0,0,0,0,0,0,0,0,0,0,0,0,0,0,0,0,0,0,0,0,0,0,0,0,0,0,0,0,0,0,0,0,0,0,0,0,0,0,0,0,0,0,0,0,0
032,CA5_05,5.00,0.50,0.6676,0.0122,Combined I-CDES calibration,0,0,0,0,0,0,0,0,0,0,0,0,0,0,0,0,0,0,0,0,0,0,0,0,0,0,0,0,0,0,0,1,0,0,0,0,0,0,0,0,0,0,0,0,0,0,0,0,0,0,0,0,0,0,0,0,0,0,0,0,0,0,0,0,0,0,0,0,0,0,0,0,0,0,0,0,0,0,0,0,0,0,0,0,0,0,0,0,0,0,0,0,0,0,0,0,0,0,0,0,0,0,0,0,0,0,0,0,0,0,0,0,0,0,0,0,0,0,0,0,0,0,0,0,0,0,0,0,0,0,0,0,0,0,0,1,0.446242,0.418683,0.347332,0,0.057893,0,0,0,0,0,0,0,0,0,0,0,0,0,0,0,0,0,0,0,0,0,0,0,0,0,0,0,0,0,0,0,0,0,0,0,0,0,0,0,0,0,0,0,0,0,0,0,0,0,0,0,0,0,0,0,0,0,0,0,0,0,0,0,0,0,0,0
033,CA5_07,5.00,0.50,0.6751,0.0127,Combined I-CDES calibration,0,0,0,0,0,0,0,0,0,0,0,0,0,0,0,0,0,0,0,0,0,0,0,0,0,0,0,0,0,0,0,0,1,0,0,0,0,0,0,0,0,0,0,0,0,0,0,0,0,0,0,0,0,0,0,0,0,0,0,0,0,0,0,0,0,0,0,0,0,0,0,0,0,0,0,0,0,0,0,0,0,0,0,0,0,0,0,0,0,0,0,0,0,0,0,0,0,0,0,0,0,0,0,0,0,0,0,0,0,0,0,0,0,0,0,0,0,0,0,0,0,0,0,0,0,0,0,0,0,0,0,0,0,0,0,0.446242,1,0.408953,0.336799,0,0.054450,0,0,0,0,0,0,0,0,0,0,0,0,0,0,0,0,0,0,0,0,0,0,0,0,0,0,0,0,0,0,0,0,0,0,0,0,0,0,0,0,0,0,0,0,0,0,0,0,0,0,0,0,0,0,0,0,0,0,0,0,0,0,0,0,0,0,0
034,CA25,25.00,0.50,0.6014,0.0109,Combined I-CDES calibration,0,0,0,0,0,0,0,0,0,0,0,0,0,0,0,0,0,0,0,0,0,0,0,0,0,0,0,0,0,0,0,0,0,1,0,0,0,0,0,0,0,0,0,0,0,0,0,0,0,0,0,0,0,0,0,0,0,0,0,0,0,0,0,0,0,0,0,0,0,0,0,0,0,0,0,0,0,0,0,0,0,0,0,0,0,0,0,0,0,0,0,0,0,0,0,0,0,0,0,0,0,0,0,0,0,0,0,0,0,0,0,0,0,0,0,0,0,0,0,0,0,0,0,0,0,0,0,0,0,0,0,0,0,0,0,0.418683,0.408953,1,0.343757,0,0.065087,0,0,0,0,0,0,0,0,0,0,0,0,0,0,0,0,0,0,0,0,0,0,0,0,0,0,0,0,0,0,0,0,0,0,0,0,0,0,0,0,0,0,0,0,0,0,0,0,0,0,0,0,0,0,0,0,0,0,0,0,0,0,0,0,0,0,0
035,CA50,50.00,0.50,0.5458,0.0109,Combined I-CDES calibration,0,0,0,0,0,0,0,0,0,0,0,0,0,0,0,0,0,0,0,0,0,0,0,0,0,0,0,0,0,0,0,0,0,0,1,0,0,0,0,0,0,0,0,0,0,0,0,0,0,0,0,0,0,0,0,0,0,0,0,0,0,0,0,0,0,0,0,0,0,0,0,0,0,0,0,0,0,0,0,0,0,0,0,0,0,0,0,0,0,0,0,0,0,0,0,0,0,0,0,0,0,0,0,0,0,0,0,0,0,0,0,0,0,0,0,0,0,0,0,0,0,0,0,0,0,0,0,0,0,0,0,0,0,0,0,0.347332,0.336799,0.343757,1,0,0.064022,0,0,0,0,0,0,0,0,0,0,0,0,0,0,0,0,0,0,0,0,0,0,0,0,0,0,0,0,0,0,0,0,0,0,0,0,0,0,0,0,0,0,0,0,0,0,0,0,0,0,0,0,0,0,0,0,0,0,0,0,0,0,0,0,0,0,0
036,CA70,70.00,0.50,0.4822,0.0088,Combined I-CDES calibration,0,0,0,0,0,0,0,0,0,0,0,0,0,0,0,0,0,0,0,0,0,0,0,0,0,0,0,0,0,0,0,0,0,0,0,1,0,0,0,0,0,0,0,0,0,0,0,0,0,0,0,0,0,0,0,0,0,0,0,0,0,0,0,0,0,0,0,0,0,0,0,0,0,0,0,0,0,0,0,0,0,0,0,0,0,0,0,0,0,0,0,0,0,0,0,0,0,0,0,0,0,0,0,0,0,0,0,0,0,0,0,0,0,0,0,0,0,0,0,0,0,0,0,0,0,0,0,0,0,0,0,0,0,0,0,0,0,0,0,1,0,0.000791,0.017388,0.148701,0.100527,0.102595,0,0,0,0,0,0,0,0,0,0,0,0,0,0,0,0,0,0,0,0,0,0,0,0,0,0,0,0,0,0,0,0,0,0,0,0,0,0,0,0,0,0,0,0,0,0,0,0,0,0,0,0,0,0,0,0,0,0,0,0,0,0
037,CA90,90.00,0.50,0.4434,0.0111,Combined I-CDES calibration,0,0,0,0,0,0,0,0,0,0,0,0,0,0,0,0,0,0,0,0,0,0,0,0,0,0,0,0,0,0,0,0,0,0,0,0,1,0,0,0,0,0,0,0,0,0,0,0,0,0,0,0,0,0,0,0,0,0,0,0,0,0,0,0,0,0,0,0,0,0,0,0,0,0,0,0,0,0,0,0,0,0,0,0,0,0,0,0,0,0,0,0,0,0,0,0,0,0,0,0,0,0,0,0,0,0,0,0,0,0,0,0,0,0,0,0,0,0,0,0,0,0,0,0,0,0,0,0,0,0,0,0,0,0,0,0.057893,0.054450,0.065087,0.064022,0,1,0,0,0,0,0,0,0,0,0,0,0,0,0,0,0,0,0,0,0,0,0,0,0,0,0,0,0,0,0,0,0,0,0,0,0,0,0,0,0,0,0,0,0,0,0,0,0,0,0,0,0,0,0,0,0,0,0,0,0,0,0,0,0,0,0,0,0
038,CA120,120.00,0.50,0.4063,0.0100,Combined I-CDES calibration,0,0,0,0,0,0,0,0,0,0,0,0,0,0,0,0,0,0,0,0,0,0,0,0,0,0,0,0,0,0,0,0,0,0,0,0,0,1,0,0,0,0,0,0,0,0,0,0,0,0,0,0,0,0,0,0,0,0,0,0,0,0,0,0,0,0,0,0,0,0,0,0,0,0,0,0,0,0,0,0,0,0,0,0,0,0,1,0,0,0,0,0,0,0,0,0,0,0,0,0,0,0,0,0,0,0,0,0,0,0,0,0,0,0,0,0,0,0,0,0,0,0,0,0,0,0,0,0,0,0,0,0,0,0,0,0,0,0,0,0.000791,0,1,0.045477,0.005318,0.000514,0.000207,0,0,0,0,0,0,0,0,0,0,0,0,0,0,0,0,0,0,0,0,0,0,0,0,0,0,0,0,0,0,0,0,0,0,0,0,0,0,0,0,0,0,0,0,0,0,0,0,0,0,0,0,0,0,0,0,0,0,0,0,0,0
039,CA170,170.00,0.50,0.3457,0.0105,Combined I-CDES calibration,0,0,0,0,0,0,0,0,0,0,0,0,0,0,0,0,0,0,0,0,0,0,0,0,0,0,0,0,0,0,0,0,0,0,0,0,0,0,1,0,0,0,0,0,0,0,0,0,0,0,0,0,0,0,0,0,0,0,0,0,0,0,0,0,0,0,0,0,0,0,0,0,0,0,0,0,0,0,0,0,0,0,0,0,0,0,0,1,0,0,0,0,0,0,0,0,0,0,0,0,0,0,0,0,0,0,0,0,0,0,0,0,0,0,0,0,0,0,0,0,0,0,0,0,0,0,0,0,0,0,0,0,0,0,0,0,0,0,0,0.017388,0,0.045477,1,0.116933,0.011300,0.004550,0,0,0,0,0,0,0,0,0,0,0,0,0,0,0,0,0,0,0,0,0,0,0,0,0,0,0,0,0,0,0,0,0,0,0,0,0,0,0,0,0,0,0,0,0,0,0,0,0,0,0,0,0,0,0,0,0,0,0,0,0,0
040,CA200,200.00,0.50,0.3213,0.0106,Combined I-CDES calibration,0,0,0,0,0,0,0,0,0,0,0,0,0,0,0,0,0,0,0,0,0,0,0,0,0,0,0,0,0,0,0,0,0,0,0,0,0,0,0,1,0,0,0,0,0,0,0,0,0,0,0,0,0,0,0,0,0,0,0,0,0,0,0,0,0,0,0,0,0,0,0,0,0,0,0,0,0,0,0,0,0,0,0,0,0,0,0,0,1,0,0,0,0,0,0,0,0,0,0,0,0,0,0,0,0,0,0,0,0,0,0,0,0,0,0,0,0,0,0,0,0,0,0,0,0,0,0,0,0,0,0,0,0,0,0,0,0,0,0,0.148701,0,0.005318,0.116933,1,0.096633,0.038907,0,0,0,0,0,0,0,0,0,0,0,0,0,0,0,0,0,0,0,0,0,0,0,0,0,0,0,0,0,0,0,0,0,0,0,0,0,0,0,0,0,0,0,0,0,0,0,0,0,0,0,0,0,0,0,0,0,0,0,0,0,0
041,CA250_06,250.00,0.50,0.2830,0.0093,Combined I-CDES calibration,0,0,0,0,0,0,0,0,0,0,0,0,0,0,0,0,0,0,0,0,0,0,0,0,0,0,0,0,0,0,0,0,0,0,0,0,0,0,0,0,1,0,0,0,0,0,0,0,0,0,0,0,0,0,0,0,0,0,0,0,0,0,0,0,0,0,0,0,0,0,0,0,0,0,0,0,0,0,0,0,0,0,0,0,0,0,0,0,0,1,0,0,0,0,0,0,0,0,0,0,0,0,0,0,0,0,0,0,0,0,0,0,0,0,0,0,0,0,0,0,0,0,0,0,0,0,0,0,0,0,0,0,0,0,0,0,0,0,0,0.100527,0,0.000514,0.011300,0.096633,1,0.296934,0,0,0,0,0,0,0,0,0,0,0,0,0,0,0,0,0,0,0,0,0,0,0,0,0,0,0,0,0,0,0,0,0,0,0,0,0,0,0,0,0,0,0,0,0,0,0,0,0,0,0,0,0,0,0,0,0,0,0,0,0,0
042,CA250_09,250.00,0.50,0.3012,0.0099,Combined I-CDES calibration,0,0,0,0,0,0,0,0,0,0,0,0,0,0,0,0,0,0,0,0,0,0,0,0,0,0,0,0,0,0,0,0,0,0,0,0,0,0,0,0,0,1,0,0,0,0,0,0,0,0,0,0,0,0,0,0,0,0,0,0,0,0,0,0,0,0,0,0,0,0,0,0,0,0,0,0,0,0,0,0,0,0,0,0,0,0,0,0,0,0,1,0,0,0,0,0,0,0,0,0,0,0,0,0,0,0,0,0,0,0,0,0,0,0,0,0,0,0,0,0,0,0,0,0,0,0,0,0,0,0,0,0,0,0,0,0,0,0,0,0.102595,0,0.000207,0.004550,0.038907,0.296934,1,0,0,0,0,0,0,0,0,0,0,0,0,0,0,0,0,0,0,0,0,0,0,0,0,0,0,0,0,0,0,0,0,0,0,0,0,0,0,0,0,0,0,0,0,0,0,0,0,0,0,0,0,0,0,0,0,0,0,0,0,0,0
043,CA726,726.85,0.50,0.1954,0.0076,Combined I-CDES calibration,0,0,0,0,0,0,0,0,0,0,0,0,0,0,0,0,0,0,0,0,0,0,0,0,0,0,0,0,0,0,0,0,0,0,0,0,0,0,0,0,0,0,1,0,0,0,0,0,0,0,0,0,0,0,0,0,0,0,0,0,0,0,0,0,0,0,0,0,0,0,0,0,0,0,0,0,0,0,0,0,0,0,0,0,0,0,0,0,0,0,0,1,0,0,0,0,0,0,0,0,0,0,0,0,0,0,0,0,0,0,0,0,0,0,0,0,0,0,0,0,0,0,0,0,0,0,0,0,0,0,0,0,0,0,0,0,0,0,0,0,0,0,0,0,0,0,1,0,0,0,0,0,0,0,0,0,0,0,0,0,0,0,0,0,0,0,0,0,0,0,0,0,0,0,0,0,0,0,0,0,0,0,0,0,0,0,0,0,0,0,0,0,0,0,0,0,0,0,0,0,0,0,0,0,0,0,0,0
044,BONI_IPGP_100_A3,102.30,2.00,0.4281,0.0175,Combined I-CDES calibration,0,0,0,0,0,0,0,0,0,0,0,0,0,0,0,0,0,0,0,0,0,0,0,0,0,0,0,0,0,0,0,0,0,0,0,0,0,0,0,0,0,0,0,1,0,0,0,0,0,0,0,0,0,0,0,0,0,0,0,0,0,0,0,0,0,0,0,0,0,0,0,0,0,0,0,0,0,0,0,0,0,0,0,0,0,0,0,0,0,0,0,0,0,0,0,0,0,0,0,0,0,0,0,0,0,0,0,0,0,0,0,0,0,0,0,0,0,0,0,0,0,0,0,0,0,0,0,0,0,0,0,0,0,0,0,0,0,0,0,0,0,0,0,0,0,0,0,1,0.222110,0.317724,0.077458,-0.020121,0.029214,0.012564,0.031079,0.019317,0.020076,0.023060,0.047143,0.058303,0.018245,0.012619,0.010119,0.052486,0.058241,0,0,0,0,0,0,0.086650,0.064084,0.089856,0.061419,0.104828,0.111535,0.048989,0.087255,0.059705,0.110097,0.056972,0.091169,0.076302,0.010856,0.090281,-0.001468,0.000032,0,0,0,0,0,0,0,0,0,0,0,0,0,0,0,0,0,0,0,0
045,BONI_IPGP_250,252.10,2.00,0.2798,0.0290,Combined I-CDES calibration,0,0,0,0,0,0,0,0,0,0,0,0,0,0,0,0,0,0,0,0,0,0,0,0,0,0,0,0,0,0,0,0,0,0,0,0,0,0,0,0,0,0,0,0,1,0,0,0,0,0,0,0,0,0,0,0,0,0,0,0,0,0,0,0,0,0,0,0,0,0,0,0,0,0,0,0,0,0,0,0,0,0,0,0,0,0,0,0,0,0,0,0,0,0,0,0,0,0,0,0,0,0,0,0,0,0,0,0,0,0,0,0,0,0,0,0,0,0,0,0,0,0,0,0,0,0,0,0,0,0,0,0,0,0,0,0,0,0,0,0,0,0,0,0,0,0,0,0.222110,1,0.085353,0.047971,-0.016389,0.010468,-0.009289,0.011687,-0.007984,0.009730,0.007150,0.015237,0.057158,-0.011946,0.005898,0.005327,0.020549,0.045047,0,0,0,0,0,0,0.029273,0.023280,0.029581,0.022865,0.060638,0.036581,0.024362,0.037079,0.027356,0.146352,0.019636,0.029940,0.037963,0.007695,0.033230,-0.000624,0.000179,0,0,0,0,0,0,0,0,0,0,0,0,0,0,0,0,0,0,0,0
046,BONI_IPGP_350_A9,351.40,2.00,0.2320,0.0211,Combined I-CDES calibration,0,0,0,0,0,0,0,0,0,0,0,0,0,0,0,0,0,0,0,0,0,0,0,0,0,0,0,0,0,0,0,0,0,0,0,0,0,0,0,0,0,0,0,0,0,1,0,0,0,0,0,0,0,0,0,0,0,0,0,0,0,0,0,0,0,0,0,0,0,0,0,0,0,0,0,0,0,0,0,0,0,0,0,0,0,0,0,0,0,0,0,0,0,0,0,0,0,0,0,0,0,0,0,0,0,0,0,0,0,0,0,0,0,0,0,0,0,0,0,0,0,0,0,0,0,0,0,0,0,0,0,0,0,0,0,0,0,0,0,0,0,0,0,0,0,0,0,0.317724,0.085353,1,0.062178,-0.067192,0.010966,-0.030785,0.006012,-0.008188,-0.010830,0.011511,0.022567,0.051690,-0.019211,-0.034986,-0.021328,0.028712,0.051707,0,0,0,0,0,0,0.079597,0.058999,0.079480,0.049345,0.082480,0.134502,0.036122,0.106786,0.073367,0.094762,0.054710,0.107397,0.058941,-0.037761,0.063411,-0.001216,0.001738,0,0,0,0,0,0,0,0,0,0,0,0,0,0,0,0,0,0,0,0
047,BONI_IPGP_80_1,80.20,1.00,0.4949,0.0143,Combined I-CDES calibration,0,0,0,0,0,0,0,0,0,0,0,0,0,0,0,0,0,0,0,0,0,0,0,0,0,0,0,0,0,0,0,0,0,0,0,0,0,0,0,0,0,0,0,0,0,0,1,0,0,0,0,0,0,0,0,0,0,0,0,0,0,0,0,0,0,0,0,0,0,0,0,0,0,0,0,0,0,0,0,0,0,0,0,0,0,0,0,0,0,0,0,0,0,0,0,0,0,0,0,0,0,0,0,0,0,0,0,0,0,0,0,0,0,0,0,0,0,0,0,0,0,0,0,0,0,0,0,0,0,0,0,0,0,0,0,0,0,0,0,0,0,0,0,0,0,0,0,0.077458,0.047971,0.062178,1,0.043557,0.041409,0.042800,0.043390,0.045119,0.038159,0.034953,0.051901,0.040332,0.046020,0.045902,0.041267,0.046976,0.037179,0,0,0,0,0,0,0.066758,0.057544,0.057663,0.059084,0.069726,0.055741,0.047250,0.055017,0.043196,0.049137,0.043571,0.049498,0.060312,0.044090,0.062563,-0.000738,-0.001775,0,0,0,0,0,0,0,0,0,0,0,0,0,0,0,0,0,0,0,0
048,JOHN_HT_25C,25.00,2.00,0.6088,0.0155,Combined I-CDES calibration,0,0,0,0,0,0,0,0,0,0,0,0,0,0,0,0,0,0,0,0,0,0,0,0,0,0,0,0,0,0,0,0,0,0,0,0,0,0,0,0,0,0,0,0,0,0,0,1,0,0,0,0,0,0,0,0,0,0,0,0,0,0,0,0,0,0,0,0,0,0,0,0,0,0,0,0,0,0,0,0,0,0,0,0,0,0,0,0,0,0,0,0,0,0,0,0,0,0,0,0,0,0,0,0,0,0,0,0,0,0,0,0,0,0,0,0,0,0,0,0,0,0,0,0,0,0,0,0,0,0,0,0,0,0,0,0,0,0,0,0,0,0,0,0,0,0,0,-0.020121,-0.016389,-0.067192,0.043557,1,0.063211,0.053574,0.054085,0.055515,0.043800,0.028338,0.044924,0.027188,0.052619,0.056429,0.065768,0.051862,0.026192,0,0,0,0,0,0,0.044693,0.041737,0.043472,0.040964,0.056539,0.034497,0.044565,0.027218,0.022056,0.017273,0.037740,0.033607,0.050480,0.073937,0.067186,0.004122,-0.024669,0,0,0,0,0,0,0,0,0,0,0,0,0,0,0,0,0,0,0,0
049,JOHN_HT_80C,80.00,2.00,0.4870,0.0150,Combined I-CDES calibration,0,0,0,0,0,0,0,0,0,0,0,0,0,0,0,0,0,0,0,0,0,0,0,0,0,0,0,0,0,0,0,0,0,0,0,0,0,0,0,0,0,0,0,0,0,0,0,0,1,0,0,0,0,0,0,0,0,0,0,0,0,0,0,0,0,0,0,0,0,0,0,0,0,0,0,0,0,0,0,0,0,0,0,0,0,0,0,0,0,0,0,0,0,0,0,0,0,0,0,0,0,0,0,0,0,0,0,0,0,0,0,0,0,0,0,0,0,0,0,0,0,0,0,0,0,0,0,0,0,0,0,0,0,0,0,0,0,0,0,0,0,0,0,0,0,0,0,0.029214,0.010468,0.010966,0.041409,0.063211,1,0.035148,0.039772,0.037369,0.029451,0.022466,0.033152,0.025479,0.034287,0.035495,0.042298,0.038040,0.031465,0,0,0,0,0,0,0.039012,0.034115,0.037521,0.032772,0.046133,0.039438,0.037049,0.030878,0.022928,0.026501,0.034554,0.038633,0.039857,0.045506,0.050096,0.010925,0.010399,0,0,0,0,0,0,0,0,0,0,0,0,0,0,0,0,0,0,0,0
050,KELE_AQUA_BORRA,36.10,0.10,0.5760,0.0140,Combined I-CDES calibration,0,0,0,0,0,0,0,0,0,0,0,0,0,0,0,0,0,0,0,0,0,0,0,0,0,0,0,0,0,0,0,0,0,0,0,0,0,0,0,0,0,0,0,0,0,0,0,0,0,1,0,0,0,0,0,0,0,0,0,0,0,0,0,0,0,0,0,0,0,0,0,0,0,0,0,0,0,0,0,0,0,0,0,0,0,0,0,0,0,0,0,0,0,0,0,0,0,0,0,0,0,0,0,0,0,0,0,0,0,0,0,0,0,0,0,0,0,0,0,0,0,0,0,0,0,0,0,0,0,0,0,0,0,0,0,0,0,0,0,0,0,0,0,0,0,0,0,0.012564,-0.009289,-0.030785,0.042800,0.053574,0.035148,1,0.052041,0.062186,0.092860,0.066761,0.078480,0.049687,0.083494,0.083230,0.059769,0.057237,0.027847,0,0,0,0,0,0,0.040621,0.057628,0.046785,0.049744,0.054932,0.032551,0.045328,0.036449,0.038764,0.026914,0.038379,0.029187,0.056239,0.063228,0.054376,-0.001049,-0.002535,0,0,0,0,0,0,0,0,0,0,0,0,0,0,0,0,0,0,0,0
051,KELE_BUK_4,54.90,0.10,0.5406,0.0151,Combined I-CDES calibration,0,0,0,0,0,0,0,0,0,0,0,0,0,0,0,0,0,0,0,0,0,0,0,0,0,0,0,0,0,0,0,0,0,0,0,0,0,0,0,0,0,0,0,0,0,0,0,0,0,0,1,0,0,0,0,0,0,0,0,0,0,0,0,0,0,0,0,0,0,0,0,0,0,0,0,0,0,0,0,0,0,0,0,0,0,0,0,0,0,0,0,0,0,0,0,0,0,0,0,0,0,0,0,0,0,0,0,0,0,0,0,0,0,0,0,0,0,0,0,0,0,0,0,0,0,0,0,0,0,0,0,0,0,0,0,0,0,0,0,0,0,0,0,0,0,0,0,0.031079,0.011687,0.006012,0.043390,0.054085,0.039772,0.052041,1,0.051181,0.055016,0.041377,0.047319,0.031610,0.048557,0.057389,0.059791,0.044466,0.030058,0,0,0,0,0,0,0.050868,0.066092,0.058402,0.059290,0.060851,0.045621,0.041930,0.038710,0.035979,0.029936,0.046574,0.039709,0.056389,0.054809,0.056985,-0.000568,-0.002327,0,0,0,0,0,0,0,0,0,0,0,0,0,0,0,0,0,0,0,0
052,KELE_CANARIAN,33.80,0.10,0.5835,0.0160,Combined I-CDES calibration,0,0,0,0,0,0,0,0,0,0,0,0,0,0,0,0,0,0,0,0,0,0,0,0,0,0,0,0,0,0,0,0,0,0,0,0,0,0,0,0,0,0,0,0,0,0,0,0,0,0,0,1,0,0,0,0,0,0,0,0,0,0,0,0,0,0,0,0,0,0,0,0,0,0,0,0,0,0,0,0,0,0,0,0,0,0,0,0,0,0,0,0,0,0,0,0,0,0,0,0,0,0,0,0,0,0,0,0,0,0,0,0,0,0,0,0,0,0,0,0,0,0,0,0,0,0,0,0,0,0,0,0,0,0,0,0,0,0,0,0,0,0,0,0,0,0,0,0.019317,-0.007984,-0.008188,0.045119,0.055515,0.037369,0.062186,0.051181,1,0.052435,0.044530,0.068984,0.038397,0.074177,0.072379,0.065588,0.047271,0.028172,0,0,0,0,0,0,0.052407,0.052460,0.050682,0.058011,0.061981,0.041283,0.041700,0.036472,0.032658,0.029740,0.036432,0.034570,0.050210,0.060066,0.053894,-0.000666,-0.002525,0,0,0,0,0,0,0,0,0,0,0,0,0,0,0,0,0,0,0,0
053,KELE_GAWATUPA,11.00,0.10,0.6277,0.0164,Combined I-CDES calibration,0,0,0,0,0,0,0,0,0,0,0,0,0,0,0,0,0,0,0,0,0,0,0,0,0,0,0,0,0,0,0,0,0,0,0,0,0,0,0,0,0,0,0,0,0,0,0,0,0,0,0,0,1,0,0,0,0,0,0,0,0,0,0,0,0,0,0,0,0,0,0,0,0,0,0,0,0,0,0,0,0,0,0,0,0,0,0,0,0,0,0,0,0,0,0,0,0,0,0,0,0,0,0,0,0,0,0,0,0,0,0,0,0,0,0,0,0,0,0,0,0,0,0,0,0,0,0,0,0,0,0,0,0,0,0,0,0,0,0,0,0,0,0,0,0,0,0,0.020076,0.009730,-0.010830,0.038159,0.043800,0.029451,0.092860,0.055016,0.052435,1,0.064661,0.078469,0.046349,0.077410,0.083360,0.060173,0.057837,0.019464,0,0,0,0,0,0,0.052111,0.079793,0.057788,0.069926,0.066210,0.045633,0.047628,0.058730,0.055769,0.039815,0.045371,0.036886,0.069741,0.068788,0.050163,-0.001183,-0.002392,0,0,0,0,0,0,0,0,0,0,0,0,0,0,0,0,0,0,0,0
054,KELE_IGAL,75.00,0.10,0.4750,0.0143,Combined I-CDES calibration,0,0,0,0,0,0,0,0,0,0,0,0,0,0,0,0,0,0,0,0,0,0,0,0,0,0,0,0,0,0,0,0,0,0,0,0,0,0,0,0,0,0,0,0,0,0,0,0,0,0,0,0,0,1,0,0,0,0,0,0,0,0,0,0,0,0,0,0,0,0,0,0,0,0,0,0,0,0,0,0,0,0,0,0,0,0,0,0,0,0,0,0,0,0,0,0,0,0,0,0,0,0,0,0,0,0,0,0,0,0,0,0,0,0,0,0,0,0,0,0,0,0,0,0,0,0,0,0,0,0,0,0,0,0,0,0,0,0,0,0,0,0,0,0,0,0,0,0.023060,0.007150,0.011511,0.034953,0.028338,0.022466,0.066761,0.041377,0.044530,0.064661,1,0.054347,0.035403,0.049325,0.059349,0.044895,0.032208,0.021931,0,0,0,0,0,0,0.040400,0.058940,0.043590,0.048226,0.046788,0.034512,0.037037,0.041022,0.053452,0.037237,0.032387,0.027234,0.042972,0.038052,0.034323,-0.000535,-0.001538,0,0,0,0,0,0,0,0,0,0,0,0,0,0,0,0,0,0,0,0
055,KELE_LAPIGNA,12.50,0.10,0.6183,0.0163,Combined I-CDES calibration,0,0,0,0,0,0,0,0,0,0,0,0,0,0,0,0,0,0,0,0,0,0,0,0,0,0,0,0,0,0,0,0,0,0,0,0,0,0,0,0,0,0,0,0,0,0,0,0,0,0,0,0,0,0,1,0,0,0,0,0,0,0,0,0,0,0,0,0,0,0,0,0,0,0,0,0,0,0,0,0,0,0,0,0,0,0,0,0,0,0,0,0,0,0,0,0,0,0,0,0,0,0,0,0,0,0,0,0,0,0,0,0,0,0,0,0,0,0,0,0,0,0,0,0,0,0,0,0,0,0,0,0,0,0,0,0,0,0,0,0,0,0,0,0,0,0,0,0.047143,0.015237,0.022567,0.051901,0.044924,0.033152,0.078480,0.047319,0.068984,0.078469,0.054347,1,0.044537,0.091984,0.083744,0.056544,0.056426,0.030229,0,0,0,0,0,0,0.060233,0.056855,0.061043,0.064059,0.074916,0.049168,0.044608,0.076571,0.063842,0.062540,0.040614,0.040353,0.061416,0.058784,0.061592,-0.001098,-0.002292,0,0,0,0,0,0,0,0,0,0,0,0,0,0,0,0,0,0,0,0
056,KELE_NG_2,60.40,0.10,0.5050,0.0153,Combined I-CDES calibration,0,0,0,0,0,0,0,0,0,0,0,0,0,0,0,0,0,0,0,0,0,0,0,0,0,0,0,0,0,0,0,0,0,0,0,0,0,0,0,0,0,0,0,0,0,0,0,0,0,0,0,0,0,0,0,1,0,0,0,0,0,0,0,0,0,0,0,0,0,0,0,0,0,0,0,0,0,0,0,0,0,0,0,0,0,0,0,0,0,0,0,0,0,0,0,0,0,0,0,0,0,0,0,0,0,0,0,0,0,0,0,0,0,0,0,0,0,0,0,0,0,0,0,0,0,0,0,0,0,0,0,0,0,0,0,0,0,0,0,0,0,0,0,0,0,0,0,0.058303,0.057158,0.051690,0.040332,0.027188,0.025479,0.049687,0.031610,0.038397,0.046349,0.035403,0.044537,1,0.049754,0.034106,0.030252,0.080819,0.030124,0,0,0,0,0,0,0.039710,0.049126,0.045015,0.047865,0.058141,0.053287,0.043237,0.047989,0.045377,0.045607,0.039480,0.041666,0.060016,0.042908,0.046378,-0.002161,-0.001834,0,0,0,0,0,0,0,0,0,0,0,0,0,0,0,0,0,0,0,0
057,KELE_P5_SUMMER,12.00,0.10,0.6327,0.0155,Combined I-CDES calibration,0,0,0,0,0,0,0,0,0,0,0,0,0,0,0,0,0,0,0,0,0,0,0,0,0,0,0,0,0,0,0,0,0,0,0,0,0,0,0,0,0,0,0,0,0,0,0,0,0,0,0,0,0,0,0,0,1,0,0,0,0,0,0,0,0,0,0,0,0,0,0,0,0,0,0,0,0,0,0,0,0,0,0,0,0,0,0,0,0,0,0,0,0,0,0,0,0,0,0,0,0,0,0,0,0,0,0,0,0,0,0,0,0,0,0,0,0,0,0,0,0,0,0,0,0,0,0,0,0,0,0,0,0,0,0,0,0,0,0,0,0,0,0,0,0,0,0,0.018245,-0.011946,-0.019211,0.046020,0.052619,0.034287,0.083494,0.048557,0.074177,0.077410,0.049325,0.091984,0.049754,1,0.083808,0.062654,0.070965,0.039375,0,0,0,0,0,0,0.050697,0.051848,0.054298,0.056662,0.067852,0.043525,0.048830,0.050296,0.045317,0.036417,0.042126,0.036827,0.064707,0.107294,0.056616,-0.001511,-0.002744,0,0,0,0,0,0,0,0,0,0,0,0,0,0,0,0,0,0,0,0
058,KELE_P5_WINTER,5.00,0.10,0.6355,0.0155,Combined I-CDES calibration,0,0,0,0,0,0,0,0,0,0,0,0,0,0,0,0,0,0,0,0,0,0,0,0,0,0,0,0,0,0,0,0,0,0,0,0,0,0,0,0,0,0,0,0,0,0,0,0,0,0,0,0,0,0,0,0,0,1,0,0,0,0,0,0,0,0,0,0,0,0,0,0,0,0,0,0,0,0,0,0,0,0,0,0,0,0,0,0,0,0,0,0,0,0,0,0,0,0,0,0,0,0,0,0,0,0,0,0,0,0,0,0,0,0,0,0,0,0,0,0,0,0,0,0,0,0,0,0,0,0,0,0,0,0,0,0,0,0,0,0,0,0,0,0,0,0,0,0.012619,0.005898,-0.034986,0.045902,0.056429,0.035495,0.083230,0.057389,0.072379,0.083360,0.059349,0.083744,0.034106,0.083808,1,0.075728,0.039967,0.021821,0,0,0,0,0,0,0.055775,0.099777,0.056887,0.066926,0.064375,0.035831,0.044337,0.040002,0.041592,0.027674,0.038676,0.028683,0.064122,0.061330,0.049979,-0.000411,-0.002651,0,0,0,0,0,0,0,0,0,0,0,0,0,0,0,0,0,0,0,0
059,KELE_SARTEANO,20.70,0.10,0.5938,0.0153,Combined I-CDES calibration,0,0,0,0,0,0,0,0,0,0,0,0,0,0,0,0,0,0,0,0,0,0,0,0,0,0,0,0,0,0,0,0,0,0,0,0,0,0,0,0,0,0,0,0,0,0,0,0,0,0,0,0,0,0,0,0,0,0,1,0,0,0,0,0,0,0,0,0,0,0,0,0,0,0,0,0,0,0,0,0,0,0,0,0,0,0,0,0,0,0,0,0,0,0,0,0,0,0,0,0,0,0,0,0,0,0,0,0,0,0,0,0,0,0,0,0,0,0,0,0,0,0,0,0,0,0,0,0,0,0,0,0,0,0,0,0,0,0,0,0,0,0,0,0,0,0,0,0.010119,0.005327,-0.021328,0.041267,0.065768,0.042298,0.059769,0.059791,0.065588,0.060173,0.044895,0.056544,0.030252,0.062654,0.075728,1,0.048344,0.023767,0,0,0,0,0,0,0.049280,0.064640,0.049755,0.062508,0.056888,0.036010,0.039757,0.032724,0.028850,0.023455,0.040185,0.032250,0.055223,0.059185,0.050724,0.002133,-0.018453,0,0,0,0,0,0,0,0,0,0,0,0,0,0,0,0,0,0,0,0
060,KELE_SZAL,11.00,0.10,0.6542,0.0159,Combined I-CDES calibration,0,0,0,0,0,0,0,0,0,0,0,0,0,0,0,0,0,0,0,0,0,0,0,0,0,0,0,0,0,0,0,0,0,0,0,0,0,0,0,0,0,0,0,0,0,0,0,0,0,0,0,0,0,0,0,0,0,0,0,1,0,0,0,0,0,0,0,0,0,0,0,0,0,0,0,0,0,0,0,0,0,0,0,0,0,0,0,0,0,0,0,0,0,0,0,0,0,0,0,0,0,0,0,0,0,0,0,0,0,0,0,0,0,0,0,0,0,0,0,0,0,0,0,0,0,0,0,0,0,0,0,0,0,0,0,0,0,0,0,0,0,0,0,0,0,0,0,0.052486,0.020549,0.028712,0.046976,0.051862,0.038040,0.057237,0.044466,0.047271,0.057837,0.032208,0.056426,0.080819,0.070965,0.039967,0.048344,1,0.028549,0,0,0,0,0,0,0.051623,0.051652,0.058297,0.054430,0.075055,0.060070,0.056999,0.057595,0.044062,0.054692,0.048294,0.050331,0.088233,0.065841,0.059755,-0.032349,-0.014074,0,0,0,0,0,0,0,0,0,0,0,0,0,0,0,0,0,0,0,0
061,KELE_TURA,95.00,0.10,0.4092,0.0151,Combined I-CDES calibration,0,0,0,0,0,0,0,0,0,0,0,0,0,0,0,0,0,0,0,0,0,0,0,0,0,0,0,0,0,0,0,0,0,0,0,0,0,0,0,0,0,0,0,0,0,0,0,0,0,0,0,0,0,0,0,0,0,0,0,0,1,0,0,0,0,0,0,0,0,0,0,0,0,0,0,0,0,0,0,0,0,0,0,0,0,0,0,0,0,0,0,0,0,0,0,0,0,0,0,0,0,0,0,0,0,0,0,0,0,0,0,0,0,0,0,0,0,0,0,0,0,0,0,0,0,0,0,0,0,0,0,0,0,0,0,0,0,0,0,0,0,0,0,0,0,0,0,0.058241,0.045047,0.051707,0.037179,0.026192,0.031465,0.027847,0.030058,0.028172,0.019464,0.021931,0.030229,0.030124,0.039375,0.021821,0.023767,0.028549,1,0,0,0,0,0,0,0.030765,0.027405,0.035267,0.027393,0.038064,0.038458,0.027808,0.031860,0.026643,0.033187,0.029855,0.037140,0.029729,0.036478,0.038376,-0.000380,-0.000968,0,0,0,0,0,0,0,0,0,0,0,0,0,0,0,0,0,0,0,0
062,LF2012-9_7-A,2.50,1.00,0.6643,0.0270,Combined I-CDES calibration,0,0,0,0,0,0,0,0,0,0,0,0,0,0,0,0,0,0,0,0,0,0,0,0,0,0,0,0,0,0,0,0,0,0,0,0,0,0,0,0,0,0,0,0,0,0,0,0,0,0,0,0,0,0,0,0,0,0,0,0,0,1,0,0,0,0,0,0,0,0,0,0,0,0,0,0,0,0,0,0,0,0,0,0,0,0,0,0,0,0,0,0,0,0,0,0,0,0,0,0,0,0,0,0,0,0,0,0,0,0,0,0,0,0,0,0,0,0,0,0,0,0,0,0,0,0,0,0,0,0,0,0,0,0,0,0,0,0,0,0,0,0,0,0,0,0,0,0,0,0,0,0,0,0,0,0,0,0,0,0,0,0,0,0,0,1,0.359300,0.267314,0.096915,0.090346,0.219743,0,0,0,0,0,0,0,0,0,0,0,0,0,0,0,0,0,0,0,0,0,0,0,0,0,0,0,0,0,0,0,0,0,0,0,0,0
063,LF2012-D1-A,2.50,1.00,0.6585,0.0268,Combined I-CDES calibration,0,0,0,0,0,0,0,0,0,0,0,0,0,0,0,0,0,0,0,0,0,0,0,0,0,0,0,0,0,0,0,0,0,0,0,0,0,0,0,0,0,0,0,0,0,0,0,0,0,0,0,0,0,0,0,0,0,0,0,0,0,0,1,0,0,0,0,0,0,0,0,0,0,0,0,0,0,0,0,0,0,0,0,0,0,0,0,0,0,0,0,0,0,0,0,0,0,0,0,0,0,0,0,0,0,0,0,0,0,0,0,0,0,0,0,0,0,0,0,0,0,0,0,0,0,0,0,0,0,0,0,0,0,0,0,0,0,0,0,0,0,0,0,0,0,0,0,0,0,0,0,0,0,0,0,0,0,0,0,0,0,0,0,0,0,0.359300,1,0.261651,0.094886,0.088540,0.217451,0,0,0,0,0,0,0,0,0,0,0,0,0,0,0,0,0,0,0,0,0,0,0,0,0,0,0,0,0,0,0,0,0,0,0,0,0
064,LJ2010-12A-Z1A,0.50,1.00,0.6701,0.0170,Combined I-CDES calibration,0,0,0,0,0,0,0,0,0,0,0,0,0,0,0,0,0,0,0,0,0,0,0,0,0,0,0,0,0,0,0,0,0,0,0,0,0,0,0,0,0,0,0,0,0,0,0,0,0,0,0,0,0,0,0,0,0,0,0,0,0,0,0,1,0,0,0,0,0,0,0,0,0,0,0,0,0,0,0,0,0,0,0,0,0,0,0,0,0,0,0,0,0,0,0,0,0,0,0,0,0,0,0,0,0,0,0,0,0,0,0,0,0,0,0,0,0,0,0,0,0,0,0,0,0,0,0,0,0,0,0,0,0,0,0,0,0,0,0,0,0,0,0,0,0,0,0,0,0,0,0,0,0,0,0,0,0,0,0,0,0,0,0,0,0,0.267314,0.261651,1,0.357117,0.314319,0.302403,0,0,0,0,0,0,0,0,0,0,0,0,0,0,0,0,0,0,0,0,0,0,0,0,0,0,0,0,0,0,0,0,0,0,0,0,0
065,LJ2010-12A-Z2A,0.50,1.00,0.6749,0.0235,Combined I-CDES calibration,0,0,0,0,0,0,0,0,0,0,0,0,0,0,0,0,0,0,0,0,0,0,0,0,0,0,0,0,0,0,0,0,0,0,0,0,0,0,0,0,0,0,0,0,0,0,0,0,0,0,0,0,0,0,0,0,0,0,0,0,0,0,0,0,1,0,0,0,0,0,0,0,0,0,0,0,0,0,0,0,0,0,0,0,0,0,0,0,0,0,0,0,0,0,0,0,0,0,0,0,0,0,0,0,0,0,0,0,0,0,0,0,0,0,0,0,0,0,0,0,0,0,0,0,0,0,0,0,0,0,0,0,0,0,0,0,0,0,0,0,0,0,0,0,0,0,0,0,0,0,0,0,0,0,0,0,0,0,0,0,0,0,0,0,0,0.096915,0.094886,0.357117,1,0.319191,0.117492,0,0,0,0,0,0,0,0,0,0,0,0,0,0,0,0,0,0,0,0,0,0,0,0,0,0,0,0,0,0,0,0,0,0,0,0,0
066,LJ2010-5B-A,0.50,1.00,0.6799,0.0163,Combined I-CDES calibration,0,0,0,0,0,0,0,0,0,0,0,0,0,0,0,0,0,0,0,0,0,0,0,0,0,0,0,0,0,0,0,0,0,0,0,0,0,0,0,0,0,0,0,0,0,0,0,0,0,0,0,0,0,0,0,0,0,0,0,0,0,0,0,0,0,1,0,0,0,0,0,0,0,0,0,0,0,0,0,0,0,0,0,0,0,0,0,0,0,0,0,0,0,0,0,0,0,0,0,0,0,0,0,0,0,0,0,0,0,0,0,0,0,0,0,0,0,0,0,0,0,0,0,0,0,0,0,0,0,0,0,0,0,0,0,0,0,0,0,0,0,0,0,0,0,0,0,0,0,0,0,0,0,0,0,0,0,0,0,0,0,0,0,0,0,0.090346,0.088540,0.314319,0.319191,1,0.136416,0,0,0,0,0,0,0,0,0,0,0,0,0,0,0,0,0,0,0,0,0,0,0,0,0,0,0,0,0,0,0,0,0,0,0,0,0
067,LV26NOV10-2A,4.00,1.00,0.6528,0.0212,Combined I-CDES calibration,0,0,0,0,0,0,0,0,0,0,0,0,0,0,0,0,0,0,0,0,0,0,0,0,0,0,0,0,0,0,0,0,0,0,0,0,0,0,0,0,0,0,0,0,0,0,0,0,0,0,0,0,0,0,0,0,0,0,0,0,0,0,0,0,0,0,1,0,0,0,0,0,0,0,0,0,0,0,0,0,0,0,0,0,0,0,0,0,0,0,0,0,0,0,0,0,0,0,0,0,0,0,0,0,0,0,0,0,0,0,0,0,0,0,0,0,0,0,0,0,0,0,0,0,0,0,0,0,0,0,0,0,0,0,0,0,0,0,0,0,0,0,0,0,0,0,0,0,0,0,0,0,0,0,0,0,0,0,0,0,0,0,0,0,0,0.219743,0.217451,0.302403,0.117492,0.136416,1,0,0,0,0,0,0,0,0,0,0,0,0,0,0,0,0,0,0,0,0,0,0,0,0,0,0,0,0,0,0,0,0,0,0,0,0,0
068,UWCP14_20C_9,23.00,0.33,0.6037,0.0167,Combined I-CDES calibration,0,0,0,0,0,0,0,0,0,0,0,0,0,0,0,0,0,0,0,0,0,0,0,0,0,0,0,0,0,0,0,0,0,0,0,0,0,0,0,0,0,0,0,0,0,0,0,0,0,0,0,0,0,0,0,0,0,0,0,0,0,0,0,0,0,0,0,1,0,0,0,0,0,0,0,0,0,0,0,0,0,0,0,0,0,0,0,0,0,0,0,0,0,0,0,0,0,0,0,0,0,0,0,0,0,0,0,0,0,0,0,0,0,0,0,0,0,0,0,0,0,0,0,0,0,0,0,0,0,0,0,0,0,0,0,0,0,0,0,0,0,0,0,0,0,0,0,0.086650,0.029273,0.079597,0.066758,0.044693,0.039012,0.040621,0.050868,0.052407,0.052111,0.040400,0.060233,0.039710,0.050697,0.055775,0.049280,0.051623,0.030765,0,0,0,0,0,0,1,0.099170,0.093605,0.135683,0.100630,0.091868,0.055854,0.084857,0.069892,0.059084,0.052017,0.087212,0.093711,0.058572,0.102318,-0.000892,-0.002027,0,0,0,0,0,0,0,0,0,0,0,0,0,0,0,0,0,0,0,0
069,UWCP14_20C_CA_11,23.00,0.34,0.6148,0.0152,Combined I-CDES calibration,0,0,0,0,0,0,0,0,0,0,0,0,0,0,0,0,0,0,0,0,0,0,0,0,0,0,0,0,0,0,0,0,0,0,0,0,0,0,0,0,0,0,0,0,0,0,0,0,0,0,0,0,0,0,0,0,0,0,0,0,0,0,0,0,0,0,0,0,1,0,0,0,0,0,0,0,0,0,0,0,0,0,0,0,0,0,0,0,0,0,0,0,0,0,0,0,0,0,0,0,0,0,0,0,0,0,0,0,0,0,0,0,0,0,0,0,0,0,0,0,0,0,0,0,0,0,0,0,0,0,0,0,0,0,0,0,0,0,0,0,0,0,0,0,0,0,0,0.064084,0.023280,0.058999,0.057544,0.041737,0.034115,0.057628,0.066092,0.052460,0.079793,0.058940,0.056855,0.049126,0.051848,0.099777,0.064640,0.051652,0.027405,0,0,0,0,0,0,0.099170,1,0.104809,0.122790,0.107251,0.078898,0.058592,0.064759,0.083338,0.048159,0.060221,0.057696,0.095942,0.060647,0.071851,-0.000920,-0.002280,0,0,0,0,0,0,0,0,0,0,0,0,0,0,0,0,0,0,0,0
070,UWCP14_21C_1,22.00,0.22,0.6104,0.0166,Combined I-CDES calibration,0,0,0,0,0,0,0,0,0,0,0,0,0,0,0,0,0,0,0,0,0,0,0,0,0,0,0,0,0,0,0,0,0,0,0,0,0,0,0,0,0,0,0,0,0,0,0,0,0,0,0,0,0,0,0,0,0,0,0,0,0,0,0,0,0,0,0,0,0,1,0,0,0,0,0,0,0,0,0,0,0,0,0,0,0,0,0,0,0,0,0,0,0,0,0,0,0,0,0,0,0,0,0,0,0,0,0,0,0,0,0,0,0,0,0,0,0,0,0,0,0,0,0,0,0,0,0,0,0,0,0,0,0,0,0,0,0,0,0,0,0,0,0,0,0,0,0,0.089856,0.029581,0.079480,0.057663,0.043472,0.037521,0.046785,0.058402,0.050682,0.057788,0.043590,0.061043,0.045015,0.054298,0.056887,0.049755,0.058297,0.035267,0,0,0,0,0,0,0.093605,0.104809,1,0.102613,0.123202,0.107327,0.064424,0.070055,0.073910,0.052934,0.067471,0.067796,0.077753,0.071486,0.089587,-0.001135,-0.002109,0,0,0,0,0,0,0,0,0,0,0,0,0,0,0,0,0,0,0,0
071,UWCP14_4C_3,6.00,0.05,0.6493,0.0169,Combined I-CDES calibration,0,0,0,0,0,0,0,0,0,0,0,0,0,0,0,0,0,0,0,0,0,0,0,0,0,0,0,0,0,0,0,0,0,0,0,0,0,0,0,0,0,0,0,0,0,0,0,0,0,0,0,0,0,0,0,0,0,0,0,0,0,0,0,0,0,0,0,0,0,0,1,0,0,0,0,0,0,0,0,0,0,0,0,0,0,0,0,0,0,0,0,0,0,0,0,0,0,0,0,0,0,0,0,0,0,0,0,0,0,0,0,0,0,0,0,0,0,0,0,0,0,0,0,0,0,0,0,0,0,0,0,0,0,0,0,0,0,0,0,0,0,0,0,0,0,0,0,0.061419,0.022865,0.049345,0.059084,0.040964,0.032772,0.049744,0.059290,0.058011,0.069926,0.048226,0.064059,0.047865,0.056662,0.066926,0.062508,0.054430,0.027393,0,0,0,0,0,0,0.135683,0.122790,0.102613,1,0.096967,0.085767,0.050700,0.083108,0.073645,0.051157,0.053003,0.075942,0.098717,0.060273,0.099054,-0.001038,-0.002278,0,0,0,0,0,0,0,0,0,0,0,0,0,0,0,0,0,0,0,0
072,UWCP14_4C_4,6.00,0.05,0.6577,0.0157,Combined I-CDES calibration,0,0,0,0,0,0,0,0,0,0,0,0,0,0,0,0,0,0,0,0,0,0,0,0,0,0,0,0,0,0,0,0,0,0,0,0,0,0,0,0,0,0,0,0,0,0,0,0,0,0,0,0,0,0,0,0,0,0,0,0,0,0,0,0,0,0,0,0,0,0,0,1,0,0,0,0,0,0,0,0,0,0,0,0,0,0,0,0,0,0,0,0,0,0,0,0,0,0,0,0,0,0,0,0,0,0,0,0,0,0,0,0,0,0,0,0,0,0,0,0,0,0,0,0,0,0,0,0,0,0,0,0,0,0,0,0,0,0,0,0,0,0,0,0,0,0,0,0.104828,0.060638,0.082480,0.069726,0.056539,0.046133,0.054932,0.060851,0.061981,0.066210,0.046788,0.074916,0.058141,0.067852,0.064375,0.056888,0.075055,0.038064,0,0,0,0,0,0,0.100630,0.107251,0.123202,0.096967,1,0.117273,0.080617,0.081590,0.073464,0.075196,0.075047,0.079526,0.105491,0.091373,0.099211,-0.001505,-0.002637,0,0,0,0,0,0,0,0,0,0,0,0,0,0,0,0,0,0,0,0
073,UWCP14_50C_2,51.00,0.36,0.5342,0.0157,Combined I-CDES calibration,0,0,0,0,0,0,0,0,0,0,0,0,0,0,0,0,0,0,0,0,0,0,0,0,0,0,0,0,0,0,0,0,0,0,0,0,0,0,0,0,0,0,0,0,0,0,0,0,0,0,0,0,0,0,0,0,0,0,0,0,0,0,0,0,0,0,0,0,0,0,0,0,1,0,0,0,0,0,0,0,0,0,0,0,0,0,0,0,0,0,0,0,0,0,0,0,0,0,0,0,0,0,0,0,0,0,0,0,0,0,0,0,0,0,0,0,0,0,0,0,0,0,0,0,0,0,0,0,0,0,0,0,0,0,0,0,0,0,0,0,0,0,0,0,0,0,0,0.111535,0.036581,0.134502,0.055741,0.034497,0.039438,0.032551,0.045621,0.041283,0.045633,0.034512,0.049168,0.053287,0.043525,0.035831,0.036010,0.060070,0.038458,0,0,0,0,0,0,0.091868,0.078898,0.107327,0.085767,0.117273,1,0.064660,0.088748,0.070780,0.067028,0.068139,0.088814,0.072297,0.059291,0.086159,-0.001256,-0.001662,0,0,0,0,0,0,0,0,0,0,0,0,0,0,0,0,0,0,0,0
074,UWCP14_50C_7,54.00,1.98,0.5179,0.0150,Combined I-CDES calibration,0,0,0,0,0,0,0,0,0,0,0,0,0,0,0,0,0,0,0,0,0,0,0,0,0,0,0,0,0,0,0,0,0,0,0,0,0,0,0,0,0,0,0,0,0,0,0,0,0,0,0,0,0,0,0,0,0,0,0,0,0,0,0,0,0,0,0,0,0,0,0,0,0,1,0,0,0,0,0,0,0,0,0,0,0,0,0,0,0,0,0,0,0,0,0,0,0,0,0,0,0,0,0,0,0,0,0,0,0,0,0,0,0,0,0,0,0,0,0,0,0,0,0,0,0,0,0,0,0,0,0,0,0,0,0,0,0,0,0,0,0,0,0,0,0,0,0,0.048989,0.024362,0.036122,0.047250,0.044565,0.037049,0.045328,0.041930,0.041700,0.047628,0.037037,0.044608,0.043237,0.048830,0.044337,0.039757,0.056999,0.027808,0,0,0,0,0,0,0.055854,0.058592,0.064424,0.050700,0.080617,0.064660,1,0.047148,0.044204,0.043195,0.053558,0.050156,0.066822,0.066686,0.053166,-0.001122,-0.001957,0,0,0,0,0,0,0,0,0,0,0,0,0,0,0,0,0,0,0,0
075,UWCP14_50C_CA_11,50.00,0.74,0.5270,0.0160,Combined I-CDES calibration,0,0,0,0,0,0,0,0,0,0,0,0,0,0,0,0,0,0,0,0,0,0,0,0,0,0,0,0,0,0,0,0,0,0,0,0,0,0,0,0,0,0,0,0,0,0,0,0,0,0,0,0,0,0,0,0,0,0,0,0,0,0,0,0,0,0,0,0,0,0,0,0,0,0,1,0,0,0,0,0,0,0,0,0,0,0,0,0,0,0,0,0,0,0,0,0,0,0,0,0,0,0,0,0,0,0,0,0,0,0,0,0,0,0,0,0,0,0,0,0,0,0,0,0,0,0,0,0,0,0,0,0,0,0,0,0,0,0,0,0,0,0,0,0,0,0,0,0.087255,0.037079,0.106786,0.055017,0.027218,0.030878,0.036449,0.038710,0.036472,0.058730,0.041022,0.076571,0.047989,0.050296,0.040002,0.032724,0.057595,0.031860,0,0,0,0,0,0,0.084857,0.064759,0.070055,0.083108,0.081590,0.088748,0.047148,1,0.111536,0.126722,0.051751,0.073329,0.067127,0.046157,0.069669,-0.001320,-0.001515,0,0,0,0,0,0,0,0,0,0,0,0,0,0,0,0,0,0,0,0
076,UWCP14_60C_2,66.00,2.31,0.4909,0.0157,Combined I-CDES calibration,0,0,0,0,0,0,0,0,0,0,0,0,0,0,0,0,0,0,0,0,0,0,0,0,0,0,0,0,0,0,0,0,0,0,0,0,0,0,0,0,0,0,0,0,0,0,0,0,0,0,0,0,0,0,0,0,0,0,0,0,0,0,0,0,0,0,0,0,0,0,0,0,0,0,0,1,0,0,0,0,0,0,0,0,0,0,0,0,0,0,0,0,0,0,0,0,0,0,0,0,0,0,0,0,0,0,0,0,0,0,0,0,0,0,0,0,0,0,0,0,0,0,0,0,0,0,0,0,0,0,0,0,0,0,0,0,0,0,0,0,0,0,0,0,0,0,0,0.059705,0.027356,0.073367,0.043196,0.022056,0.022928,0.038764,0.035979,0.032658,0.055769,0.053452,0.063842,0.045377,0.045317,0.041592,0.028850,0.044062,0.026643,0,0,0,0,0,0,0.069892,0.083338,0.073910,0.073645,0.073464,0.070780,0.044204,0.111536,1,0.097566,0.046195,0.052314,0.057132,0.039090,0.052918,-0.001001,-0.001261,0,0,0,0,0,0,0,0,0,0,0,0,0,0,0,0,0,0,0,0
077,UWCP14_70C_4,72.00,0.43,0.4903,0.0169,Combined I-CDES calibration,0,0,0,0,0,0,0,0,0,0,0,0,0,0,0,0,0,0,0,0,0,0,0,0,0,0,0,0,0,0,0,0,0,0,0,0,0,0,0,0,0,0,0,0,0,0,0,0,0,0,0,0,0,0,0,0,0,0,0,0,0,0,0,0,0,0,0,0,0,0,0,0,0,0,0,0,1,0,0,0,0,0,0,0,0,0,0,0,0,0,0,0,0,0,0,0,0,0,0,0,0,0,0,0,0,0,0,0,0,0,0,0,0,0,0,0,0,0,0,0,0,0,0,0,0,0,0,0,0,0,0,0,0,0,0,0,0,0,0,0,0,0,0,0,0,0,0,0.110097,0.146352,0.094762,0.049137,0.017273,0.026501,0.026914,0.029936,0.029740,0.039815,0.037237,0.062540,0.045607,0.036417,0.027674,0.023455,0.054692,0.033187,0,0,0,0,0,0,0.059084,0.048159,0.052934,0.051157,0.075196,0.067028,0.043195,0.126722,0.097566,1,0.038387,0.057257,0.060372,0.031597,0.054126,-0.001351,-0.001143,0,0,0,0,0,0,0,0,0,0,0,0,0,0,0,0,0,0,0,0
078,UWCP14_70C_CA_4,71.00,1.00,0.4930,0.0150,Combined I-CDES calibration,0,0,0,0,0,0,0,0,0,0,0,0,0,0,0,0,0,0,0,0,0,0,0,0,0,0,0,0,0,0,0,0,0,0,0,0,0,0,0,0,0,0,0,0,0,0,0,0,0,0,0,0,0,0,0,0,0,0,0,0,0,0,0,0,0,0,0,0,0,0,0,0,0,0,0,0,0,1,0,0,0,0,0,0,0,0,0,0,0,0,0,0,0,0,0,0,0,0,0,0,0,0,0,0,0,0,0,0,0,0,0,0,0,0,0,0,0,0,0,0,0,0,0,0,0,0,0,0,0,0,0,0,0,0,0,0,0,0,0,0,0,0,0,0,0,0,0,0.056972,0.019636,0.054710,0.043571,0.037740,0.034554,0.038379,0.046574,0.036432,0.045371,0.032387,0.040614,0.039480,0.042126,0.038676,0.040185,0.048294,0.029855,0,0,0,0,0,0,0.052017,0.060221,0.067471,0.053003,0.075047,0.068139,0.053558,0.051751,0.046195,0.038387,1,0.051952,0.059891,0.057120,0.054449,-0.000894,-0.001725,0,0,0,0,0,0,0,0,0,0,0,0,0,0,0,0,0,0,0,0
079,UWCP14_80C_2,78.00,1.28,0.4830,0.0152,Combined I-CDES calibration,0,0,0,0,0,0,0,0,0,0,0,0,0,0,0,0,0,0,0,0,0,0,0,0,0,0,0,0,0,0,0,0,0,0,0,0,0,0,0,0,0,0,0,0,0,0,0,0,0,0,0,0,0,0,0,0,0,0,0,0,0,0,0,0,0,0,0,0,0,0,0,0,0,0,0,0,0,0,1,0,0,0,0,0,0,0,0,0,0,0,0,0,0,0,0,0,0,0,0,0,0,0,0,0,0,0,0,0,0,0,0,0,0,0,0,0,0,0,0,0,0,0,0,0,0,0,0,0,0,0,0,0,0,0,0,0,0,0,0,0,0,0,0,0,0,0,0,0.091169,0.029940,0.107397,0.049498,0.033607,0.038633,0.029187,0.039709,0.034570,0.036886,0.027234,0.040353,0.041666,0.036827,0.028683,0.032250,0.050331,0.037140,0,0,0,0,0,0,0.087212,0.057696,0.067796,0.075942,0.079526,0.088814,0.050156,0.073329,0.052314,0.057257,0.051952,1,0.072804,0.047807,0.083216,-0.000957,-0.001466,0,0,0,0,0,0,0,0,0,0,0,0,0,0,0,0,0,0,0,0
080,UWCP14_8C_2,9.00,0.12,0.6329,0.0156,Combined I-CDES calibration,0,0,0,0,0,0,0,0,0,0,0,0,0,0,0,0,0,0,0,0,0,0,0,0,0,0,0,0,0,0,0,0,0,0,0,0,0,0,0,0,0,0,0,0,0,0,0,0,0,0,0,0,0,0,0,0,0,0,0,0,0,0,0,0,0,0,0,0,0,0,0,0,0,0,0,0,0,0,0,1,0,0,0,0,0,0,0,0,0,0,0,0,0,0,0,0,0,0,0,0,0,0,0,0,0,0,0,0,0,0,0,0,0,0,0,0,0,0,0,0,0,0,0,0,0,0,0,0,0,0,0,0,0,0,0,0,0,0,0,0,0,0,0,0,0,0,0,0.076302,0.037963,0.058941,0.060312,0.050480,0.039857,0.056239,0.056389,0.050210,0.069741,0.042972,0.061416,0.060016,0.064707,0.064122,0.055223,0.088233,0.029729,0,0,0,0,0,0,0.093711,0.095942,0.077753,0.098717,0.105491,0.072297,0.066822,0.067127,0.057132,0.060372,0.059891,0.072804,1,0.074431,0.087380,-0.002051,-0.002712,0,0,0,0,0,0,0,0,0,0,0,0,0,0,0,0,0,0,0,0
081,UWCP14_8C_6,9.00,0.15,0.6475,0.0156,Combined I-CDES calibration,0,0,0,0,0,0,0,0,0,0,0,0,0,0,0,0,0,0,0,0,0,0,0,0,0,0,0,0,0,0,0,0,0,0,0,0,0,0,0,0,0,0,0,0,0,0,0,0,0,0,0,0,0,0,0,0,0,0,0,0,0,0,0,0,0,0,0,0,0,0,0,0,0,0,0,0,0,0,0,0,1,0,0,0,0,0,0,0,0,0,0,0,0,0,0,0,0,0,0,0,0,0,0,0,0,0,0,0,0,0,0,0,0,0,0,0,0,0,0,0,0,0,0,0,0,0,0,0,0,0,0,0,0,0,0,0,0,0,0,0,0,0,0,0,0,0,0,0.010856,0.007695,-0.037761,0.044090,0.073937,0.045506,0.063228,0.054809,0.060066,0.068788,0.038052,0.058784,0.042908,0.107294,0.061330,0.059185,0.065841,0.036478,0,0,0,0,0,0,0.058572,0.060647,0.071486,0.060273,0.091373,0.059291,0.066686,0.046157,0.039090,0.031597,0.057120,0.047807,0.074431,1,0.069554,-0.001115,-0.002981,0,0,0,0,0,0,0,0,0,0,0,0,0,0,0,0,0,0,0,0
082,UWCP14_8C_CA_4,9.00,0.12,0.6465,0.0166,Combined I-CDES calibration,0,0,0,0,0,0,0,0,0,0,0,0,0,0,0,0,0,0,0,0,0,0,0,0,0,0,0,0,0,0,0,0,0,0,0,0,0,0,0,0,0,0,0,0,0,0,0,0,0,0,0,0,0,0,0,0,0,0,0,0,0,0,0,0,0,0,0,0,0,0,0,0,0,0,0,0,0,0,0,0,0,1,0,0,0,0,0,0,0,0,0,0,0,0,0,0,0,0,0,0,0,0,0,0,0,0,0,0,0,0,0,0,0,0,0,0,0,0,0,0,0,0,0,0,0,0,0,0,0,0,0,0,0,0,0,0,0,0,0,0,0,0,0,0,0,0,0,0.090281,0.033230,0.063411,0.062563,0.067186,0.050096,0.054376,0.056985,0.053894,0.050163,0.034323,0.061592,0.046378,0.056616,0.049979,0.050724,0.059755,0.038376,0,0,0,0,0,0,0.102318,0.071851,0.089587,0.099054,0.099211,0.086159,0.053166,0.069669,0.052918,0.054126,0.054449,0.083216,0.087380,0.069554,1,-0.000917,-0.002542,0,0,0,0,0,0,0,0,0,0,0,0,0,0,0,0,0,0,0,0
083,ETH-1-1100-SAM,1100.00,10.00,0.1784,0.0217,Combined I-CDES calibration,0,0,0,0,0,0,0,0,0,0,0,0,0,0,0,0,0,0,0,0,0,0,0,0,0,0,0,0,0,0,0,0,0,0,0,0,0,0,0,0,0,0,0,0,0,0,0,0,0,0,0,0,0,0,0,0,0,0,0,0,0,0,0,0,0,0,0,0,0,0,0,0,0,0,0,0,0,0,0,0,0,0,1,0,0,0,0,0,0,0,0,0,0,0,1,0,0,0,0,0,0,0,0,0,0,0,0,0,0,0,0,0,0,0,0,0,0,0,0,0,0,0,0,0,0,0,0,0,0,0,0,0,0,0,0,0,0,0,0,0,0,0,0,0,0,0,0,-0.001468,-0.000624,-0.001216,-0.000738,0.004122,0.010925,-0.001049,-0.000568,-0.000666,-0.001183,-0.000535,-0.001098,-0.002161,-0.001511,-0.000411,0.002133,-0.032349,-0.000380,0,0,0,0,0,0,-0.000892,-0.000920,-0.001135,-0.001038,-0.001505,-0.001256,-0.001122,-0.001320,-0.001001,-0.001351,-0.000894,-0.000957,-0.002051,-0.001115,-0.000917,1,0.292131,0,0,0,0,0,0,0,0,0,0,0,0,0,0,0,0,0,0,0,0
084,ETH-2-1100-SAM,1100.00,10.00,0.1920,0.0203,Combined I-CDES calibration,0,0,0,0,0,0,0,0,0,0,0,0,0,0,0,0,0,0,0,0,0,0,0,0,0,0,0,0,0,0,0,0,0,0,0,0,0,0,0,0,0,0,0,0,0,0,0,0,0,0,0,0,0,0,0,0,0,0,0,0,0,0,0,0,0,0,0,0,0,0,0,0,0,0,0,0,0,0,0,0,0,0,0,1,0,0,0,0,0,0,0,0,0,0,0,1,0,0,0,0,0,0,0,0,0,0,0,0,0,0,0,0,0,0,0,0,0,0,0,0,0,0,0,0,0,0,0,0,0,0,0,0,0,0,0,0,0,0,0,0,0,0,0,0,0,0,0,0.000032,0.000179,0.001738,-0.001775,-0.024669,0.010399,-0.002535,-0.002327,-0.002525,-0.002392,-0.001538,-0.002292,-0.001834,-0.002744,-0.002651,-0.018453,-0.014074,-0.000968,0,0,0,0,0,0,-0.002027,-0.002280,-0.002109,-0.002278,-0.002637,-0.001662,-0.001957,-0.001515,-0.001261,-0.001143,-0.001725,-0.001466,-0.002712,-0.002981,-0.002542,0.292131,1,0,0,0,0,0,0,0,0,0,0,0,0,0,0,0,0,0,0,0,0
085,LGB-2,7.90,0.20,0.6486,0.0030,Combined I-CDES calibration,0,0,0,0,0,0,0,0,0,0,0,0,0,0,0,0,0,0,0,0,0,0,0,0,0,0,0,0,0,0,0,0,0,0,0,0,0,0,0,0,0,0,0,0,0,0,0,0,0,0,0,0,0,0,0,0,0,0,0,0,0,0,0,0,0,0,0,0,0,0,0,0,0,0,0,0,0,0,0,0,0,0,0,0,1,0,0,0,0,0,0,0,0,0,0,0,1,0,0,0,0,0,0,0,0,0,0,0,0,0,0,0,0,0,0,0,0,0,0,0,0,0,0,0,0,0,0,0,0,0,0,0,0,0,0,0,0,0,0,0,0,0,0,0,0,0,0,0,0,0,0,0,0,0,0,0,0,0,0,0,0,0,0,0,0,0,0,0,0,0,0,0,0,0,0,0,0,0,0,0,0,0,0,0,0,0,0,0,1,0.364883,0,0,0,0,0,0,0,0,0,0,0,0,0,0,0,0,0,0
086,DVH-2,33.70,0.20,0.5696,0.0027,Combined I-CDES calibration,0,0,0,0,0,0,0,0,0,0,0,0,0,0,0,0,0,0,0,0,0,0,0,0,0,0,0,0,0,0,0,0,0,0,0,0,0,0,0,0,0,0,0,0,0,0,0,0,0,0,0,0,0,0,0,0,0,0,0,0,0,0,0,0,0,0,0,0,0,0,0,0,0,0,0,0,0,0,0,0,0,0,0,0,0,1,0,0,0,0,0,0,1,1,0,0,0,0,0,0,0,0,0,0,0,0,0,0,0,0,0,0,0,0,0,0,0,0,0,0,0,0,0,0,0,0,0,0,0,0,0,0,0,0,0,0,0,0,0,0,0,0,0,0,0,0,0,0,0,0,0,0,0,0,0,0,0,0,0,0,0,0,0,0,0,0,0,0,0,0,0,0,0,0,0,0,0,0,0,0,0,0,0,0,0,0,0,0,0.364883,1,0,0,0,0,0,0,0,0,0,0,0,0,0,0,0,0,0,0
087,CA-120,120.00,2.00,0.3988,0.0050,Combined I-CDES calibration,0,0,0,0,0,0,0,0,0,0,0,0,0,0,0,0,0,0,0,0,0,0,0,0,0,0,0,0,0,0,0,0,0,0,0,0,0,1,0,0,0,0,0,0,0,0,0,0,0,0,0,0,0,0,0,0,0,0,0,0,0,0,0,0,0,0,0,0,0,0,0,0,0,0,0,0,0,0,0,0,0,0,0,0,0,0,1,0,0,0,0,0,0,0,0,0,0,0,0,0,0,0,0,0,0,0,0,0,0,0,0,0,0,0,0,0,0,0,0,0,0,0,0,0,0,0,0,0,0,0,0,0,0,0,0,0,0,0,0,0,0,0,0,0,0,0,0,0,0,0,0,0,0,0,0,0,0,0,0,0,0,0,0,0,0,0,0,0,0,0,0,0,0,0,0,0,0,0,0,0,0,0,0,0,0,0,0,0,0,0,1,0.174582,0.191872,0.182380,0.192125,0.065127,0,0,0,0,0,0,0,0,0,0,0,0
088,CA-170,170.00,2.00,0.3401,0.0046,Combined I-CDES calibration,0,0,0,0,0,0,0,0,0,0,0,0,0,0,0,0,0,0,0,0,0,0,0,0,0,0,0,0,0,0,0,0,0,0,0,0,0,0,1,0,0,0,0,0,0,0,0,0,0,0,0,0,0,0,0,0,0,0,0,0,0,0,0,0,0,0,0,0,0,0,0,0,0,0,0,0,0,0,0,0,0,0,0,0,0,0,0,1,0,0,0,0,0,0,0,0,0,0,0,0,0,0,0,0,0,0,0,0,0,0,0,0,0,0,0,0,0,0,0,0,0,0,0,0,0,0,0,0,0,0,0,0,0,0,0,0,0,0,0,0,0,0,0,0,0,0,0,0,0,0,0,0,0,0,0,0,0,0,0,0,0,0,0,0,0,0,0,0,0,0,0,0,0,0,0,0,0,0,0,0,0,0,0,0,0,0,0,0,0,0,0.174582,1,0.224035,0.215915,0.226457,0.062784,0,0,0,0,0,0,0,0,0,0,0,0
089,CA-200,200.00,2.00,0.3223,0.0043,Combined I-CDES calibration,0,0,0,0,0,0,0,0,0,0,0,0,0,0,0,0,0,0,0,0,0,0,0,0,0,0,0,0,0,0,0,0,0,0,0,0,0,0,0,1,0,0,0,0,0,0,0,0,0,0,0,0,0,0,0,0,0,0,0,0,0,0,0,0,0,0,0,0,0,0,0,0,0,0,0,0,0,0,0,0,0,0,0,0,0,0,0,0,1,0,0,0,0,0,0,0,0,0,0,0,0,0,0,0,0,0,0,0,0,0,0,0,0,0,0,0,0,0,0,0,0,0,0,0,0,0,0,0,0,0,0,0,0,0,0,0,0,0,0,0,0,0,0,0,0,0,0,0,0,0,0,0,0,0,0,0,0,0,0,0,0,0,0,0,0,0,0,0,0,0,0,0,0,0,0,0,0,0,0,0,0,0,0,0,0,0,0,0,0,0,0.191872,0.224035,1,0.243134,0.254376,0.060717,0,0,0,0,0,0,0,0,0,0,0,0
090,CA-250A,250.00,2.00,0.2922,0.0047,Combined I-CDES calibration,0,0,0,0,0,0,0,0,0,0,0,0,0,0,0,0,0,0,0,0,0,0,0,0,0,0,0,0,0,0,0,0,0,0,0,0,0,0,0,0,1,0,0,0,0,0,0,0,0,0,0,0,0,0,0,0,0,0,0,0,0,0,0,0,0,0,0,0,0,0,0,0,0,0,0,0,0,0,0,0,0,0,0,0,0,0,0,0,0,1,0,0,0,0,0,0,0,0,0,0,0,0,0,0,0,0,0,0,0,0,0,0,0,0,0,0,0,0,0,0,0,0,0,0,0,0,0,0,0,0,0,0,0,0,0,0,0,0,0,0,0,0,0,0,0,0,0,0,0,0,0,0,0,0,0,0,0,0,0,0,0,0,0,0,0,0,0,0,0,0,0,0,0,0,0,0,0,0,0,0,0,0,0,0,0,0,0,0,0,0,0.182380,0.215915,0.243134,1,0.247923,0.049969,0,0,0,0,0,0,0,0,0,0,0,0
091,CA-250B,250.00,2.00,0.2927,0.0043,Combined I-CDES calibration,0,0,0,0,0,0,0,0,0,0,0,0,0,0,0,0,0,0,0,0,0,0,0,0,0,0,0,0,0,0,0,0,0,0,0,0,0,0,0,0,0,1,0,0,0,0,0,0,0,0,0,0,0,0,0,0,0,0,0,0,0,0,0,0,0,0,0,0,0,0,0,0,0,0,0,0,0,0,0,0,0,0,0,0,0,0,0,0,0,0,1,0,0,0,0,0,0,0,0,0,0,0,0,0,0,0,0,0,0,0,0,0,0,0,0,0,0,0,0,0,0,0,0,0,0,0,0,0,0,0,0,0,0,0,0,0,0,0,0,0,0,0,0,0,0,0,0,0,0,0,0,0,0,0,0,0,0,0,0,0,0,0,0,0,0,0,0,0,0,0,0,0,0,0,0,0,0,0,0,0,0,0,0,0,0,0,0,0,0,0,0.192125,0.226457,0.254376,0.247923,1,0.057416,0,0,0,0,0,0,0,0,0,0,0,0
092,CM-351,726.85,10.00,0.2023,0.0025,Combined I-CDES calibration,0,0,0,0,0,0,0,0,0,0,0,0,0,0,0,0,0,0,0,0,0,0,0,0,0,0,0,0,0,0,0,0,0,0,0,0,0,0,0,0,0,0,1,0,0,0,0,0,0,0,0,0,0,0,0,0,0,0,0,0,0,0,0,0,0,0,0,0,0,0,0,0,0,0,0,0,0,0,0,0,0,0,0,0,0,0,0,0,0,0,0,1,0,0,0,0,0,0,0,0,0,0,0,0,0,0,0,0,0,0,0,0,0,0,0,0,0,0,0,0,0,0,0,0,0,0,0,0,0,0,0,0,0,0,0,0,0,0,0,0,0,0,0,0,0,0,0,0,0,0,0,0,0,0,0,0,0,0,0,0,0,0,0,0,0,0,0,0,0,0,0,0,0,0,0,0,0,0,0,0,0,0,0,0,0,0,0,0,0,0,0.065127,0.062784,0.060717,0.049969,0.057416,1,0,0,0,0,0,0,0,0,0,0,0,0
093,DHC2-8,33.70,0.20,0.5687,0.0022,Combined I-CDES calibration,0,0,0,0,0,0,0,0,0,0,0,0,0,0,0,0,0,0,0,0,0,0,0,0,0,0,0,0,0,0,0,0,0,0,0,0,0,0,0,0,0,0,0,0,0,0,0,0,0,0,0,0,0,0,0,0,0,0,0,0,0,0,0,0,0,0,0,0,0,0,0,0,0,0,0,0,0,0,0,0,0,0,0,0,0,1,0,0,0,0,0,0,1,1,0,0,0,0,0,0,0,0,0,0,0,0,0,0,0,0,0,0,0,0,0,0,0,0,0,0,0,0,0,0,0,0,0,0,0,0,0,0,0,0,0,0,0,0,0,0,0,0,0,0,0,0,0,0,0,0,0,0,0,0,0,0,0,0,0,0,0,0,0,0,0,0,0,0,0,0,0,0,0,0,0,0,0,0,0,0,0,0,0,0,0,0,0,0,0,0,0,0,0,0,0,0,1,0.193928,0.010851,0.022054,0.196447,0,0,0,0,0,0,0
094,DVH-2,33.70,0.20,0.5670,0.0036,Combined I-CDES calibration,0,0,0,0,0,0,0,0,0,0,0,0,0,0,0,0,0,0,0,0,0,0,0,0,0,0,0,0,0,0,0,0,0,0,0,0,0,0,0,0,0,0,0,0,0,0,0,0,0,0,0,0,0,0,0,0,0,0,0,0,0,0,0,0,0,0,0,0,0,0,0,0,0,0,0,0,0,0,0,0,0,0,0,0,0,1,0,0,0,0,0,0,1,1,0,0,0,0,0,0,0,0,0,0,0,0,0,0,0,0,0,0,0,0,0,0,0,0,0,0,0,0,0,0,0,0,0,0,0,0,0,0,0,0,0,0,0,0,0,0,0,0,0,0,0,0,0,0,0,0,0,0,0,0,0,0,0,0,0,0,0,0,0,0,0,0,0,0,0,0,0,0,0,0,0,0,0,0,0,0,0,0,0,0,0,0,0,0,0,0,0,0,0,0,0,0,0.193928,1,0.016157,0.032837,0.293449,0,0,0,0,0,0,0
095,ETH-1-1100,1100.00,10.00,0.1808,0.0034,Combined I-CDES calibration,0,0,0,0,0,0,0,0,0,0,0,0,0,0,0,0,0,0,0,0,0,0,0,0,0,0,0,0,0,0,0,0,0,0,0,0,0,0,0,0,0,0,0,0,0,0,0,0,0,0,0,0,0,0,0,0,0,0,0,0,0,0,0,0,0,0,0,0,0,0,0,0,0,0,0,0,0,0,0,0,0,0,1,0,0,0,0,0,0,0,0,0,0,0,1,0,0,0,0,0,0,0,0,0,0,0,0,0,0,0,0,0,0,0,0,0,0,0,0,0,0,0,0,0,0,0,0,0,0,0,0,0,0,0,0,0,0,0,0,0,0,0,0,0,0,0,0,0,0,0,0,0,0,0,0,0,0,0,0,0,0,0,0,0,0,0,0,0,0,0,0,0,0,0,0,0,0,0,0,0,0,0,0,0,0,0,0,0,0,0,0,0,0,0,0,0,0.010851,0.016157,1,0.156401,0.009144,0,0,0,0,0,0,0
096,ETH-2-1100,1100.00,10.00,0.1835,0.0033,Combined I-CDES calibration,0,0,0,0,0,0,0,0,0,0,0,0,0,0,0,0,0,0,0,0,0,0,0,0,0,0,0,0,0,0,0,0,0,0,0,0,0,0,0,0,0,0,0,0,0,0,0,0,0,0,0,0,0,0,0,0,0,0,0,0,0,0,0,0,0,0,0,0,0,0,0,0,0,0,0,0,0,0,0,0,0,0,0,1,0,0,0,0,0,0,0,0,0,0,0,1,0,0,0,0,0,0,0,0,0,0,0,0,0,0,0,0,0,0,0,0,0,0,0,0,0,0,0,0,0,0,0,0,0,0,0,0,0,0,0,0,0,0,0,0,0,0,0,0,0,0,0,0,0,0,0,0,0,0,0,0,0,0,0,0,0,0,0,0,0,0,0,0,0,0,0,0,0,0,0,0,0,0,0,0,0,0,0,0,0,0,0,0,0,0,0,0,0,0,0,0,0.022054,0.032837,0.156401,1,0.018584,0,0,0,0,0,0,0
097,LGB-2,7.90,0.20,0.6481,0.0038,Combined I-CDES calibration,0,0,0,0,0,0,0,0,0,0,0,0,0,0,0,0,0,0,0,0,0,0,0,0,0,0,0,0,0,0,0,0,0,0,0,0,0,0,0,0,0,0,0,0,0,0,0,0,0,0,0,0,0,0,0,0,0,0,0,0,0,0,0,0,0,0,0,0,0,0,0,0,0,0,0,0,0,0,0,0,0,0,0,0,1,0,0,0,0,0,0,0,0,0,0,0,1,0,0,0,0,0,0,0,0,0,0,0,0,0,0,0,0,0,0,0,0,0,0,0,0,0,0,0,0,0,0,0,0,0,0,0,0,0,0,0,0,0,0,0,0,0,0,0,0,0,0,0,0,0,0,0,0,0,0,0,0,0,0,0,0,0,0,0,0,0,0,0,0,0,0,0,0,0,0,0,0,0,0,0,0,0,0,0,0,0,0,0,0,0,0,0,0,0,0,0,0.196447,0.293449,0.009144,0.018584,1,0,0,0,0,0,0,0
098,Ad,-1.80,0.50,0.6893,0.0060,Combined I-CDES calibration,0,0,0,0,0,0,0,0,0,0,0,0,0,0,0,0,0,0,0,0,0,0,0,0,0,0,0,0,0,0,0,0,0,0,0,0,0,0,0,0,0,0,0,0,0,0,0,0,0,0,0,0,0,0,0,0,0,0,0,0,0,0,0,0,0,0,0,0,0,0,0,0,0,0,0,0,0,0,0,0,0,0,0,0,0,0,0,0,0,0,0,0,0,0,0,0,0,1,0,0,0,0,0,0,0,0,0,0,0,0,0,0,0,0,0,0,0,0,0,0,0,0,0,0,0,0,0,0,0,0,0,0,0,0,0,0,0,0,0,0,0,0,0,0,0,0,0,0,0,0,0,0,0,0,0,0,0,0,0,0,0,0,0,0,0,0,0,0,0,0,0,0,0,0,0,0,0,0,0,0,0,0,0,0,0,0,0,0,0,0,0,0,0,0,0,0,0,0,0,0,0,1,0.048049,0.028770,0.544016,0.093188,0.020880,0.471516
099,BDV-S,18.70,0.75,0.6121,0.0049,Combined I-CDES calibration,0,0,0,0,0,0,0,0,0,0,0,0,0,0,0,0,0,0,0,0,0,0,0,0,0,0,0,0,0,0,0,0,0,0,0,0,0,0,0,0,0,0,0,0,0,0,0,0,0,0,0,0,0,0,0,0,0,0,0,0,0,0,0,0,0,0,0,0,0,0,0,0,0,0,0,0,0,0,0,0,0,0,0,0,0,0,0,0,0,0,0,0,0,0,0,0,0,0,1,0,0,0,0,0,0,0,0,0,0,0,0,0,0,0,0,0,0,0,0,0,0,0,0,0,0,0,0,0,0,0,0,0,0,0,0,0,0,0,0,0,0,0,0,0,0,0,0,0,0,0,0,0,0,0,0,0,0,0,0,0,0,0,0,0,0,0,0,0,0,0,0,0,0,0,0,0,0,0,0,0,0,0,0,0,0,0,0,0,0,0,0,0,0,0,0,0,0,0,0,0,0,0.048049,1,0.650474,0.053281,0.011132,0.002494,0.050651
100,BDV-W,11.01,1.00,0.6349,0.0052,Combined I-CDES calibration,0,0,0,0,0,0,0,0,0,0,0,0,0,0,0,0,0,0,0,0,0,0,0,0,0,0,0,0,0,0,0,0,0,0,0,0,0,0,0,0,0,0,0,0,0,0,0,0,0,0,0,0,0,0,0,0,0,0,0,0,0,0,0,0,0,0,0,0,0,0,0,0,0,0,0,0,0,0,0,0,0,0,0,0,0,0,0,0,0,0,0,0,0,0,0,0,0,0,0,1,0,0,0,0,0,0,0,0,0,0,0,0,0,0,0,0,0,0,0,0,0,0,0,0,0,0,0,0,0,0,0,0,0,0,0,0,0,0,0,0,0,0,0,0,0,0,0,0,0,0,0,0,0,0,0,0,0,0,0,0,0,0,0,0,0,0,0,0,0,0,0,0,0,0,0,0,0,0,0,0,0,0,0,0,0,0,0,0,0,0,0,0,0,0,0,0,0,0,0,0,0,0.028770,0.650474,1,0.031903,0.006666,0.001494,0.030328
101,PY,13.44,0.06,0.6397,0.0049,Combined I-CDES calibration,0,0,0,0,0,0,0,0,0,0,0,0,0,0,0,0,0,0,0,0,0,0,0,0,0,0,0,0,0,0,0,0,0,0,0,0,0,0,0,0,0,0,0,0,0,0,0,0,0,0,0,0,0,0,0,0,0,0,0,0,0,0,0,0,0,0,0,0,0,0,0,0,0,0,0,0,0,0,0,0,0,0,0,0,0,0,0,0,0,0,0,0,0,0,0,0,0,0,0,0,1,0,0,0,0,0,0,0,0,0,0,0,0,0,0,0,0,0,0,0,0,0,0,0,0,0,0,0,0,0,0,0,0,0,0,0,0,0,0,0,0,0,0,0,0,0,0,0,0,0,0,0,0,0,0,0,0,0,0,0,0,0,0,0,0,0,0,0,0,0,0,0,0,0,0,0,0,0,0,0,0,0,0,0,0,0,0,0,0,0,0,0,0,0,0,0,0,0,0,0,0,0.544016,0.053281,0.031903,1,0.104392,0.023391,0.513257
102,TES-S,22.50,2.10,0.5972,0.0053,Combined I-CDES calibration,0,0,0,0,0,0,0,0,0,0,0,0,0,0,0,0,0,0,0,0,0,0,0,0,0,0,0,0,0,0,0,0,0,0,0,0,0,0,0,0,0,0,0,0,0,0,0,0,0,0,0,0,0,0,0,0,0,0,0,0,0,0,0,0,0,0,0,0,0,0,0,0,0,0,0,0,0,0,0,0,0,0,0,0,0,0,0,0,0,0,0,0,0,0,0,0,0,0,0,0,0,1,0,0,0,0,0,0,0,0,0,0,0,0,0,0,0,0,0,0,0,0,0,0,0,0,0,0,0,0,0,0,0,0,0,0,0,0,0,0,0,0,0,0,0,0,0,0,0,0,0,0,0,0,0,0,0,0,0,0,0,0,0,0,0,0,0,0,0,0,0,0,0,0,0,0,0,0,0,0,0,0,0,0,0,0,0,0,0,0,0,0,0,0,0,0,0,0,0,0,0,0.093188,0.011132,0.006666,0.104392,1,0.275629,0.100150
103,TES-W,12.23,1.00,0.6329,0.0102,Combined I-CDES calibration,0,0,0,0,0,0,0,0,0,0,0,0,0,0,0,0,0,0,0,0,0,0,0,0,0,0,0,0,0,0,0,0,0,0,0,0,0,0,0,0,0,0,0,0,0,0,0,0,0,0,0,0,0,0,0,0,0,0,0,0,0,0,0,0,0,0,0,0,0,0,0,0,0,0,0,0,0,0,0,0,0,0,0,0,0,0,0,0,0,0,0,0,0,0,0,0,0,0,0,0,0,0,1,0,0,0,0,0,0,0,0,0,0,0,0,0,0,0,0,0,0,0,0,0,0,0,0,0,0,0,0,0,0,0,0,0,0,0,0,0,0,0,0,0,0,0,0,0,0,0,0,0,0,0,0,0,0,0,0,0,0,0,0,0,0,0,0,0,0,0,0,0,0,0,0,0,0,0,0,0,0,0,0,0,0,0,0,0,0,0,0,0,0,0,0,0,0,0,0,0,0,0.020880,0.002494,0.001494,0.023391,0.275629,1,0.022440
104,TW,26.80,0.85,0.6001,0.0048,Combined I-CDES calibration,0,0,0,0,0,0,0,0,0,0,0,0,0,0,0,0,0,0,0,0,0,0,0,0,0,0,0,0,0,0,0,0,0,0,0,0,0,0,0,0,0,0,0,0,0,0,0,0,0,0,0,0,0,0,0,0,0,0,0,0,0,0,0,0,0,0,0,0,0,0,0,0,0,0,0,0,0,0,0,0,0,0,0,0,0,0,0,0,0,0,0,0,0,0,0,0,0,0,0,0,0,0,0,1,0,0,0,0,0,0,0,0,0,0,0,0,0,0,0,0,0,0,0,0,0,0,0,0,0,0,0,0,0,0,0,0,0,0,0,0,0,0,0,0,0,0,0,0,0,0,0,0,0,0,0,0,0,0,0,0,0,0,0,0,0,0,0,0,0,0,0,0,0,0,0,0,0,0,0,0,0,0,0,0,0,0,0,0,0,0,0,0,0,0,0,0,0,0,0,0,0,0.471516,0.050651,0.030328,0.513257,0.100150,0.022440,1